Freq,res11,ims11,res21,im21,res12,im12,res22,im22
10000000,-0.00707277510287826,0.0155770859064183,1.03522801100078,-0.10513443339481,0.975007180430234,-0.186265623660687,0.0466294954642927,0.0495491541884301
96980000,-0.0135491644233397,-0.0112603333461701,0.0364713280600483,-0.984533902832994,0.0364513729545864,-0.985909278453104,-0.0111765062264704,-0.00490659907780136
183960000,-0.00296822628034967,0.0117184477538883,-0.950398318446373,-0.232613076869508,-0.952022803072499,-0.232512727244589,4.33049363864037E-4,0.011834141523309
270940000,-0.00239071063320441,-0.0129268053435548,-0.41928841831964,0.878450528491961,-0.419022123778328,0.880129532152087,-0.00268023310991185,-6.60783701637163E-4
357920000,-0.0180544739068532,0.0147478683516961,0.77046669309891,0.58661004371026,0.771635318218094,0.586861480944427,-0.00317690179417016,0.0222843660670696
444900000,0.0147558884295536,5.23302200498565E-5,0.729467468514697,-0.63063117749675,0.729159476406664,-0.632950924072764,0.0103930078792887,0.0116539130642009
531880000,-0.0301926544212687,0.00476854383703642,-0.46582719180688,-0.839010547391778,-0.467694797687632,-0.839440090717527,-0.010941645594203,0.0228965722995368
618860000,0.0197827907117538,0.0204799431346849,-0.912482423500723,0.2832981779546,-0.914904272662758,0.281690847418079,0.0143736600092887,0.0256680502397337
705840000,-0.0210570409370197,-0.0172556573466604,0.0883990929996147,0.947213997018468,0.0892147069808876,0.948532164265575,-0.00444745688011721,0.0182171193122862
792820000,0.00303983606405159,0.0458022195232411,0.940061475253141,0.111155802335663,0.941890549981616,0.106597233967913,0.0132750995802363,0.043864435075268
879800000,0.00730489269557245,-0.0270782536423409,0.296555007375619,-0.894631836464757,0.300243400914481,-0.895052428433141,0.015428254857205,0.0164761099545672
966780000,-0.0254144394829404,0.0473337577530457,-0.807451979611341,-0.473025749021956,-0.80864921844125,-0.474290896480959,0.00530098182817707,0.0450509548779956
1053760000,0.0374437576039648,-0.0111991934460948,-0.62898272246756,0.686785057755962,-0.628188128830723,0.689668892235181,0.0350112773674483,0.0296446367372124
1140740000,-0.0428652314255487,0.0220908340743669,0.539671242474926,0.750536875955052,0.537981040182542,0.754031579559663,0.01234510139913,0.0335501300355261
1227720000,0.0446861137591944,0.0212010341660072,0.844301712315002,-0.364439939773931,0.845974880950048,-0.365000015931059,0.0434068205318566,0.0409401681206212
1314700000,-0.0321169675297008,-0.00512943122729762,-0.178109823838727,-0.898487576039026,-0.178569857379591,-0.900593153922523,0.0260237067778651,0.0156286242520075
1401680000,0.0284830592141355,0.0485644431828825,-0.913581222991229,-0.0167116466881449,-0.915898954957428,-0.0187175557034125,0.0341908786801139,0.0435367773047451
1488660000,0.00289296729709406,-0.0219347932847154,-0.209402825758157,0.891074806466435,-0.210438077983123,0.893669333026428,0.0404470889366704,0.00932325779272662
1575640000,-0.00940992347922225,0.0509207485087046,0.82863898571077,0.389346680403268,0.829474334346146,0.393588830514859,0.0133361893446106,0.0373641252256512
1662620000,0.0412731905941875,-0.00693639704301278,0.553750613742166,-0.731097806091803,0.557811495774168,-0.731540641409961,0.045984067914861,0.0293971797040433
1749600000,-0.0335957752030768,0.0215088913417026,-0.602555635939711,-0.689767645905598,-0.602353795250803,-0.694923417411987,0.00963226316947777,0.027069525118944
1836580000,0.0522029627930324,0.0301073687217253,-0.797752598729476,0.447506106560434,-0.80153451767589,0.44485934350653,0.042067677917644,0.0528723930202168
1923560000,-0.0258487936030912,-0.0148472069039353,0.275629667383411,0.870206041355533,0.273621223366484,0.872741536621019,0.0251620405722194,0.0245528719378118
2010540000,0.0327000112795036,0.065227033659209,0.901701123990769,-0.0920151891172313,0.904031998244249,-0.0876098325411216,0.0354515256612877,0.0674281352488981
2097520000,0.0149952124136237,-0.0382359450561237,0.0956153919593493,-0.897275466576354,0.0988068038108631,-0.900716858757945,0.0547398206790494,0.0348480723884539
2184500000,-0.0115723112198357,0.0724480588912688,-0.850915816714594,-0.273428005934688,-0.854626582762793,-0.276838757804371,0.0363404401536913,0.0650824048181208
2271480000,0.0651272610442477,-0.0253749270688199,-0.441756219441157,0.76950818238908,-0.443984900125048,0.772359316460052,0.0831773415371157,0.0560426280882317
2358460000,-0.051413827533306,0.0464968721089039,0.65753312483023,0.580853875609481,0.658759207314598,0.584876681089859,0.0521259562150273,0.0499425607993654
2445440000,0.0964679614712195,0.0133384040623511,0.698593296672664,-0.511252381419896,0.702191827021098,-0.512123988442297,0.0940421935542799,0.076034750637607
2532420000,-0.0625523451367093,-0.00370471659042616,-0.351292001117984,-0.781130150310319,-0.351536654934852,-0.784885792858332,0.0881361246894788,0.0339994958679265
2619400000,0.0867981732257557,0.0608318731457898,-0.82452049355666,0.171121974568291,-0.828491864219058,0.170499148463536,0.100401480332593,0.0639447030538191
2706380000,-0.0346665020216153,-0.0426601663403729,-0.0104179658689693,0.836131733033867,-0.0132242480747771,0.838509921383921,0.126915864228241,0.0155743244427719
2793360000,0.0569360284144948,0.0906858024775735,0.800873120857069,0.191994629567716,0.803075396457176,0.195014551810586,0.102490149710937,0.0254683214679118
2880340000,0.0111412729077016,-0.0616600603099853,0.367174751690265,-0.736093140524422,0.370085422496867,-0.736139258738978,0.144079730847385,0.00720004853984975
2967320000,0.0162057160132491,0.0851173207412881,-0.633171561990694,-0.517730219020373,-0.63144382723937,-0.52333218854268,0.111337908338984,-0.0230039499919175
3054300000,0.0492245771342799,-0.0488553701486601,-0.650651319264067,0.501870628212933,-0.657094879755271,0.499242764172929,0.126561124906325,-0.00640362808544415
3141280000,-0.0102935907766442,0.0597605498474652,0.351630832168038,0.749141175562925,0.345958868089477,0.754388294941795,0.113986006891388,-0.0559203246987211
3228260000,0.0713849560433913,-0.0177854709205434,0.814519113720191,-0.178688641133214,0.82071836538589,-0.171698833416474,0.0921816805142619,-0.0211620742582555
3315240000,-0.0151880466595015,0.0316978817421785,-0.00314719995611891,-0.841750653670708,0.00521103995766898,-0.845897377629747,0.114075483360636,-0.0619252785741534
3402220000,0.072978800820377,0.00710138646035079,-0.82748038909383,-0.177687834789905,-0.828641509565543,-0.188241739483223,0.0602506124832283,-0.0494966613521956
3489200000,-0.00374910892787246,0.00103849583186637,-0.351809155176461,0.779181555216036,-0.361305835489457,0.778970563997144,0.101509844061835,-0.0400725258297965
3576180000,0.062103840318537,0.018870322532863,0.690186702752891,0.509763651101926,0.689282346777279,0.518196931266336,0.0600009756618153,-0.0727722063954826
3663160000,0.0129102436751332,-0.0142182682443489,0.646682908452282,-0.574064580289156,0.656173488804328,-0.570253097770295,0.0766847267613651,-0.0250506206675022
3750140000,0.0526275669336411,0.0251652493613016,-0.427864697326658,-0.753850918817565,-0.424163013846821,-0.761560701560642,0.0759093381636246,-0.0768467062235467
3837120000,0.021148763608991,-0.0279505341635326,-0.831158700760577,0.261165966891453,-0.8368785676372,0.258355090165137,0.046812316715187,-0.0358111273950372
3924100000,0.0431493138227946,0.0315816039028143,0.0845510500070937,0.86882602650631,0.0796386183931186,0.873459430271057,0.0862332629852935,-0.0630097252929843
4011080000,0.035126659680516,-0.0374781385822418,0.869654398548967,0.0997742227784882,0.873277212300961,0.105306088533578,0.0306987686036958,-0.0601516674022251
4098060000,0.0327538064463388,0.029545528648266,0.278276018744963,-0.832747887021177,0.282317263147117,-0.836007554781217,0.0848770604790902,-0.0341303953879359
4185040000,0.0572333589896127,-0.0349416709436533,-0.757187812626661,-0.444591900407449,-0.759279343190354,-0.451573621772602,0.0410906110174811,-0.0808474021451887
4272020000,0.0181979329404418,0.0100613934672384,-0.593220992248166,0.651214330472734,-0.599204037072474,0.652844274766103,0.05657500535578,-0.0167408151815581
4359000000,0.069703172754474,-0.0196567491703353,0.511958271690227,0.714766582612218,0.513579504176324,0.720571490586862,0.0662186375482191,-0.0766074294440573
4445980000,0.00161932580096341,-0.0228655755707665,0.808104630316389,-0.353931861429872,0.814577835925235,-0.35236812597832,0.0284470023020546,-0.037175462610607
4532960000,0.0629040144421604,0.00883757642130224,-0.179563514718145,-0.86234878973603,-0.176044582582598,-0.868471869768237,0.0754847862218668,-0.0572973640300406
4619940000,0.0124687923377655,-0.0500444722278557,-0.882248963947252,-0.00408763679120043,-0.887737749443854,-0.0100749651989568,0.0213359423808995,-0.0595512334189165
4706920000,0.0502594145506729,0.0294027473282796,-0.184368298789568,0.862120323817893,-0.192450378298815,0.866347914601737,0.0786624024092939,-0.0332187806525855
4793900000,0.0432383541664466,-0.0688332258874357,0.801202463504987,0.364800916187072,0.806419503188691,0.367702591468021,0.0394547697325592,-0.0856968167154327
4880880000,0.013200211508046,0.0241246006306594,0.522468342879305,-0.710952306675749,0.525656161322018,-0.7145754355018,0.0529431024847915,-0.0237967051235217
4967860000,0.0742530809083095,-0.0484544630578276,-0.582863541169932,-0.657750649743924,-0.587923425159992,-0.659681633138802,0.066899454390369,-0.0857564104707268
5054840000,-0.00614030351129316,-0.0164810562010403,-0.76386803191406,0.438024061802336,-0.773305045288102,0.434459288306044,0.023042245361849,-0.0374525381816675
5141820000,0.0720472504224957,-0.0105235021150466,0.268514216456414,0.835306079027619,0.265804162187596,0.842920259836099,0.0785510524581177,-0.0610518246272279
5228800000,0.00365242286085907,-0.0608903885372468,0.873183320424237,-0.0836635866053258,0.879692987677686,-0.0836878895666346,0.0169001864640799,-0.0716563616872901
5315780000,0.0446647917435368,0.0211222521756438,0.0954998388204044,-0.870572453393359,0.100097345035926,-0.877736647955883,0.069997218637137,-0.0452601617137203
5402760000,0.044228754865358,-0.0834026671428518,-0.826938425534061,-0.278531409371547,-0.832695125067313,-0.281044651687406,0.0308337576867149,-0.105993757346236
5489740000,0.00229691022242692,0.0091497318068308,-0.447422431008057,0.752858251735513,-0.447313068995412,0.759319227199229,0.034970471627038,-0.0388731369394496
5576720000,0.0662401211167157,-0.0519866089966813,0.639506547028742,0.592925862044281,0.646021198835164,0.593926790563761,0.0550132611634824,-0.0928033510339476
5663700000,-0.0203211836931287,-0.026678736353562,0.71696056344924,-0.50069321308549,0.719844253712887,-0.507969078025781,0.00962966474151434,-0.0571049837898331
5750680000,0.0711327527107865,-0.0143169448182296,-0.340260522855489,-0.803223593039916,-0.349763928933869,-0.806494498086922,0.0666646875682963,-0.0715429643007472
5837660000,-0.0120354025614414,-0.0814975525859108,-0.857283232912047,0.160436386238657,-0.862429333477042,0.169703029573325,-2.58732416406492E-4,-0.0967584843649218
5924640000,0.0332341279907171,0.0147744992355732,-0.0188023411144345,0.874197864193775,-0.0103956035951379,0.880329213282066,0.0424705953168719,-0.0522572602280293
6011620000,0.0280455140970211,-0.0908076154688991,0.847425643694343,0.2027822338494,0.855053746427491,0.195557793996526,0.0116051909299289,-0.10913630186033
6098600000,-0.0117417995228359,0.00172465667948807,0.375316502364781,-0.790362571249356,0.373096674100431,-0.798047559948858,0.00626885437859798,-0.0473149889825934
6185580000,0.0582690524516284,-0.0625811077058712,-0.695231636089714,-0.525904774521112,-0.700188421803195,-0.530169204601756,0.0312511730462519,-0.0969953554822984
6272560000,-0.0488557487862802,-0.0506482363070859,-0.664170419559125,0.56721650520625,-0.668325486118805,0.572184731394885,-0.0313996709412161,-0.0784097719165965
6359540000,0.0424849114145401,-0.0112495336073155,0.419838224267476,0.766051013760341,0.424339886599089,0.770530680652206,0.025999776697477,-0.0582723434620092
6446520000,-0.0343677694145039,-0.0924930633073138,0.833663483264254,-0.249235391506416,0.840657937004825,-0.246294814745009,-0.0220235299240897,-0.104780669842892
6533500000,-8.83178889330807E-4,0.0131007233957397,-0.0695806732229684,-0.870171132446991,-0.0684105352884754,-0.876209074699489,-0.00451789860246125,-0.0435017300405967
6620480000,0.00605923671291297,-0.09580423637676,-0.863208268582732,-0.112669288611752,-0.868067928749277,-0.113789567885325,-6.60499577418601E-4,-0.103329724693632
6707460000,-0.0454877431668045,0.00135109079727852,-0.290580208627509,0.823512735622802,-0.296680346574083,0.827804621289352,-0.0292412329383751,-0.0596136007353326
6794440000,0.0344634592097845,-0.0578332600290173,0.746148244455131,0.449927788029697,0.749734710596554,0.458737448023073,0.00614608487594345,-0.0861083630768314
6881420000,-0.0699529298531382,-0.0508445960490781,0.596990707209928,-0.632968363097979,0.607963655140665,-0.633339358114746,-0.0556342108110682,-0.0870371539842769
6968400000,0.0136715488279099,-0.0025915219332754,-0.49671442131669,-0.718360068826853,-0.498940355785707,-0.723483132776277,-0.0153109260756369,-0.0503970520310473
7055380000,-0.0491192763212297,-0.0913435800198472,-0.80154281103709,0.335863222312327,-0.808541024948138,0.332174232781781,-0.0481426349010222,-0.105539836209269
7142360000,-0.032361780882219,0.0183277263223926,0.16337034570718,0.856865803426587,0.154694963407731,0.864585991226752,-0.0469579258341398,-0.0373408486098584
7229340000,-0.0088494799191649,-0.0887774549643663,0.868665183235698,0.0159722985193028,0.875040539514111,0.0233525028054979,-0.0230714908406137,-0.0993800411809874
7316320000,-0.0892585940722315,-1.74135252319296E-4,0.200862517841243,-0.844855147409373,0.208016430519742,-0.849897271714501,-0.0885793359471584,-0.063654657826643
7403300000,0.0218972496425323,-0.0219742554900553,-0.787286889143307,-0.369348600446166,-0.790320482702701,-0.377444199721429,-0.0410427496616465,-0.0558804478856086
7490280000,-0.0774462952004631,-0.0560792099177227,-0.524071078296168,0.688677131771816,-0.531737161239703,0.690461667607203,-0.0914685781141877,-0.0689538847768897
7577260000,-0.0178736553116441,0.0174993907785203,0.565742078817887,0.658511010106031,0.564450616145804,0.666206558939282,-0.0547647501755127,-0.0176955168623195
7664240000,-0.0455108843862584,-0.0737442350178393,0.758128093851257,-0.41636438424943,0.764806985015816,-0.413467021130419,-0.0712676864549127,-0.0775130319260944
7751220000,-0.0704932508630393,0.0214230529379209,-0.246522666481167,-0.828841215056473,-0.242217558448472,-0.836049153694236,-0.0876878619922504,-0.00597140850104418
7838200000,-0.00517597150438204,-0.042473972003648,-0.861555081571115,0.0733325965220151,-0.868385640982917,0.0659384789898308,-0.0470616220765396,-0.0465739277468538
7925180000,-0.0930167561788209,-0.00706615639819094,-0.107865474975953,0.854195902578219,-0.118987201463606,0.859247336533341,-0.101472424094524,-0.0255036518699922
8012160000,0.0161141894733079,-0.00293316329056977,0.814830379398683,0.281854786896166,0.816325341011397,0.294102652048256,-0.0538145396027627,-0.0232829000484227
8099140000,-0.092445526225364,-0.0657957515056419,0.443929852916287,-0.732129365546419,0.452745493895205,-0.731744742477013,-0.114828873535134,-0.044493257778545
8186120000,-0.0477381267887282,0.0427962894168277,-0.623497337987828,-0.590108947543676,-0.618673589594942,-0.60135519179855,-0.0730164749030718,0.0316478990630846
8273100000,-0.0356442373556237,-0.0613344379297263,-0.700842866554984,0.491754540420143,-0.714553531531492,0.482509299783705,-0.0730023058856512,-0.0426098520197869
8360080000,-0.107721856324067,0.02701317190698,0.328180832461781,0.785922680031114,0.319130438138158,0.796666603137248,-0.10400096623629,0.0390197013312149
8447060000,-0.00415780001603643,-0.013669957348175,0.840217609268583,-0.157606203031925,0.846120785239374,-0.154488706919089,-0.0399367569806885,-0.00818457354764168
8534040000,-0.136471574024047,-0.0203379802275182,0.0185947945194876,-0.844840035830403,0.0254932027737401,-0.849367855071178,-0.12639152927309,0.0179172166486724
8621020000,-0.0288565092776314,0.0617334170062586,-0.824536366568289,-0.198286263967656,-0.826045261199746,-0.209093054080906,-0.03588178768936,0.0561078870594013
8708000000,-0.101282183737688,-0.0505701836147712,-0.357973255152906,0.761668407191099,-0.363528295263193,0.763721990212892,-0.0963408235093526,-0.0240111268095607
8794980000,-0.0991556329176317,0.110225855709867,0.656175707822956,0.514964041336598,0.660583742708888,0.517604652886261,-0.0862170225540877,0.0972131914187032
8881960000,-0.0113799192660396,-0.0125499789736334,0.642246987646277,-0.541124165121738,0.646401205237768,-0.544369702349117,-0.0184956671716526,0.00232313018001613
8968940000,-0.147416280651664,0.0760354168336571,-0.387409566676385,-0.729651884021817,-0.388620722288936,-0.735314912075965,-0.113687577638735,0.0653720618668372
9055920000,0.0261484800958547,0.0594380156681733,-0.804241073528149,0.218748763263625,-0.808045566506655,0.220140195519319,-0.00555917466670625,0.0561332261254482
9142900000,-0.143157237737582,0.00718364391227177,0.0495853377403756,0.825046382645089,0.0533542397853382,0.82840066017338,-0.106004996368339,0.0237689984648648
9229880000,-0.0255160300716189,0.133604452993227,0.814129288266749,0.142026444786895,0.820929228978356,0.133951758163036,-0.0306463239206297,0.11104472758884
9316860000,-0.0589732636849493,-0.0129374594346205,0.306685545775471,-0.776562068104449,0.297360399206353,-0.786335369876006,-0.0466397892113712,0.00210057911149864
9403840000,-0.0966093576467776,0.137513239176882,-0.685396050152986,-0.462441180430473,-0.696272401034201,-0.455856196471642,-0.0871076711620681,0.118317071454244
9490820000,0.0137594252525824,0.0373894124336763,-0.603734878497432,0.583250480314569,-0.601659182258082,0.592332528450396,0.00928069627578904,0.0344718377045995
9577800000,-0.143472537760057,0.0964511895687743,0.447030134151094,0.699303767772752,0.451298910375005,0.700552316816004,-0.127223908967843,0.0903617848074749
9664780000,0.0300421396110253,0.119549760046336,0.785264484153772,-0.284174625341449,0.789285795071379,-0.28538338624287,0.0200889505934919,0.113485414080746
9751760000,-0.121436599859575,0.0338157723952058,-0.130937576501887,-0.826589877294404,-0.128091824079257,-0.830185382559743,-0.107049456234935,0.0474786605102028
9838740000,-0.0291586316596767,0.183339233292332,-0.82654485816707,-0.0560366390821326,-0.828163107208183,-0.0592228590508331,-0.0182438078919818,0.17883554108355
9925720000,-0.0279718499116056,0.0273358121571574,-0.2257714156924,0.813051487038104,-0.226184959891888,0.812692361328097,-0.020127448983434,0.0256928420004089
10012700000,-0.0960542948851939,0.192138456892785,0.723684398462809,0.387981075136581,0.736195332187547,0.370962676519849,-0.095621767538258,0.187606540531653
10099680000,0.076283116625559,0.091700299470323,0.551741319550925,-0.626440968723909,0.533698413307004,-0.6442965181529,0.0670725511612682,0.101404650021151
10186660000,-0.129972936585056,0.112212294833065,-0.508687061807088,-0.653269292551731,-0.529650621257694,-0.6400218003428,-0.103721551745352,0.127651356637278
10273640000,0.0646094216334974,0.188057182885461,-0.749014672909535,0.339444842346111,-0.739634648527566,0.365551091895431,0.0769554177285281,0.176915418994934
10360620000,-0.0702636345013622,0.0450310387922301,0.192549533767117,0.812549204781623,0.225467335834027,0.809163087480121,-0.0514279166913506,0.0568979534164828
10447600000,-0.0029100708127355,0.239904214691735,0.81150848592683,-0.00889014818207676,0.814336727908715,-0.0443727734720081,0.018207954533733,0.23260346452817
10534580000,0.0534443695688822,0.0360563327045058,0.167195556896042,-0.816737410073713,0.142057739535662,-0.824131749143481,0.0629797752728915,0.0574729983171767
10621560000,-0.0898580985004421,0.20556883055713,-0.752294714180835,-0.310782178013259,-0.764239405221347,-0.287961137307974,-0.0424917420587452,0.2086711762459
10708540000,0.129014124724194,0.144781557044898,-0.486230194184132,0.657544823450434,-0.465784172231328,0.674692628916512,0.158703630237074,0.112802782183474
10795520000,-0.0648344876166211,0.127345515889926,0.567068596143953,0.601546915449563,0.58651339522023,0.586396592136587,-0.0765315360558724,0.0949554321221023
10882500000,0.112865848316105,0.215367000338913,0.701544664223218,-0.398834184719217,0.687877892814463,-0.430337917982362,0.12378864080547,0.199336067618189
10969480000,0.00810225266401708,0.0444394441873431,-0.254133546800951,-0.79185912747512,-0.293210377497091,-0.782188142273146,0.0107974198987299,0.0319767820206604
11056460000,0.029529169660146,0.246273603654832,-0.799282444713631,0.0955746803778482,-0.799289059294678,0.119049675106123,0.0496809357024306,0.231024819029071
11143440000,0.132834903777412,0.0464178894122724,-0.0985670223362491,0.816346874356306,-0.0739338883030365,0.820634846215392,0.135482991872931,0.057914001024446
11230420000,-0.0468589984197983,0.192177767452551,0.777444558939024,0.240299187147861,0.786659850305892,0.211358515060215,-0.0140703895539882,0.185555855940668
11317400000,0.186813539249948,0.145392944350156,0.412006542612272,-0.691134227110322,0.399269154871228,-0.701000014431406,0.206311055955123,0.12833198612792
11404380000,-0.0285036660294445,0.100475707345052,-0.61910173542208,-0.544430133991054,-0.629416221515937,-0.536833838189332,-0.026830796669131,0.0830316072054542
11491360000,0.148584889823111,0.234405067399351,-0.644295479040642,0.462030521511228,-0.633804697306851,0.481845392700793,0.186319776497275,0.210144909068204
11578340000,0.0846583157842697,0.0328872818546423,0.316527848773157,0.760333353289783,0.344650862602711,0.751037193626908,0.0784225087430564,-5.46558069345213E-4
11665320000,0.0555144158897384,0.243881615110103,0.77923712072128,-0.173095994180737,0.775030205090768,-0.19258674160189,0.103842444510181,0.220996093898495
11752300000,0.208394219891663,0.0659326189059552,0.0239620003879389,-0.804035904964504,0.0135296115582681,-0.803905874075967,0.218223934084571,0.0201273123101662
11839280000,0.00539013032861567,0.159368297386941,-0.797376226521323,-0.164506364654947,-0.801170634310502,-0.150598181851667,0.0227134015065024,0.138587857750698
11926260000,0.254530514930951,0.162305660596757,-0.339376769288588,0.70654412971872,-0.323143425692849,0.715418233670754,0.286913017615145,0.110013733962055
12013240000,0.0701656619544846,0.0269760357785875,0.652197113829274,0.497557259647594,0.662184200372891,0.491643407884319,0.046233889836847,-0.0234119107902002
12100220000,0.170150586726748,0.208176622379586,0.592341298315682,-0.52583939694666,0.584980453691937,-0.535299312934158,0.219997843673323,0.157778436397929
12187200000,0.176643922004399,0.00127747048900725,-0.373394256469201,-0.71696137967896,-0.388614132080651,-0.709180395494006,0.14456096436557,-0.0885490689959317
12274180000,0.099288129899619,0.174833918273174,-0.767505766279616,0.24477482352982,-0.764912782193298,0.256567573839569,0.0975563767710458,0.148148379694875
12361160000,0.243989682307324,0.0343967538202454,0.0535485465631422,0.792646081708243,0.0576131557544189,0.793384885040037,0.244926167583278,-0.0314272041828264
12448140000,0.0712372292824212,0.0935965831560727,0.809301037608316,0.0974405616756992,0.814343230802897,0.0852713334124219,0.0139819320124786,0.059928671998255
12535120000,0.265818443170534,0.10006752098454,0.262563424576719,-0.737608624834457,0.251872045691778,-0.745840612311345,0.274503119432564,0.0813039243536539
12622100000,0.101084498760028,-0.0361878506543408,-0.68776423482105,-0.435401491237861,-0.692899008529166,-0.428964955326572,0.0710743796548191,-0.0695689161801271
12709080000,0.18247975294563,0.167653874806626,-0.536499728262791,0.582765351012138,-0.535077097471522,0.586380111457838,0.209524745233272,0.120895067473555
12796060000,0.202709257265254,-0.0513398130233677,0.434614471879862,0.67122121544695,0.440268347417916,0.668620163980849,0.161425486166218,-0.118809473007095
12883040000,0.123199171160096,0.137918890410107,0.740442402606611,-0.31485423385306,0.737530291114809,-0.325710607421767,0.0895570947803307,0.124796817939836
12970020000,0.275335398740884,-0.0266757182907697,-0.125112561327946,-0.772221845075484,-0.131938181528156,-0.774426628480213,0.273295231770607,-0.0434770997976463
13057000000,0.0661107342803818,0.0271284091250019,-0.812998410876272,-0.0275430223480847,-0.813972831698788,-0.0256204030843046,0.0420815168012691,0.00976035481632939
13143980000,0.260597149301617,0.0757797924807319,-0.190841091078832,0.757578874947919,-0.176960161212391,0.762016588148373,0.279374137569566,0.0319279265167924
13230960000,0.135878730182225,-0.0735012198065786,0.713353266820743,0.374627852456917,0.720197308638259,0.364900759314749,0.0678999074950016,-0.109958161285395
13317940000,0.205396846222469,0.111378473508638,0.479103806676988,-0.62926312410904,0.477015064752861,-0.630169109249317,0.202481917988578,0.111832342014358
13404920000,0.226852646710197,-0.120742557927223,-0.4861438108933,-0.619178236331435,-0.487317245125684,-0.618364699184549,0.200560633952496,-0.147466217011146
13491900000,0.106411006320723,0.0679485319218116,-0.713816942395733,0.374785388808868,-0.710109657229155,0.38155983171264,0.0916890899905432,0.0636256546515508
13578880000,0.282546247023991,-0.0583070747136623,0.194383241966536,0.751356215685363,0.203772862401383,0.747781173764282,0.27759890118446,-0.0912511511096534
13665860000,0.0866419607369787,-0.0614990042471272,0.807776707170064,-0.0284854988901705,0.808929223445328,-0.0322420860304258,0.0214291830525861,-0.0720725075938708
13752840000,0.228720993754547,-0.00220831252875946,0.122937895800977,-0.77975824532639,0.115573767895005,-0.78037842195128,0.233255547717775,0.0227811664425836
13839820000,0.110722897069114,-0.11828195835189,-0.741261103172436,-0.307162834415681,-0.746530495043279,-0.295656994456342,0.0753396431506643,-0.134649384620649
13926800000,0.183125203110585,0.0454796883557034,-0.429871043400826,0.670983742164636,-0.424009912582228,0.673975315144213,0.164879953259319,0.0764405291087981
14013780000,0.185115408907137,-0.15346026693281,0.544477261580669,0.566994910084639,0.543355524397195,0.567306127380346,0.1805235198827,-0.161822857246804
14100760000,0.0870366906565041,0.0156533765603314,0.681267772333165,-0.432966163245479,0.676608051505044,-0.443159793473802,0.0679056049996049,0.0211375613381742
14187740000,0.221487174092303,-0.0808008977842333,-0.266466080683634,-0.73888060056099,-0.279130591000969,-0.734360676349949,0.217259751084399,-0.100329154896687
14274720000,0.0574492804169616,-0.0523684896856667,-0.799931706414204,0.106835925309466,-0.79759152514725,0.123034341619521,0.0301694676498189,-0.0542414832823809
14361700000,0.227066734226872,-0.0109180902006522,-0.0488734036538918,0.785143138684148,-0.037274397568437,0.786050153461699,0.22032489234625,-0.00811702374693141
14448680000,0.0819165985926899,-0.138193395397136,0.762557355304047,0.235941749509289,0.766598089427475,0.220332694739378,0.0718165353468821,-0.147440129677715
14535660000,0.174255683882018,0.0452776780291379,0.366185813766817,-0.703676593488238,0.35123087981545,-0.713792997978817,0.166869965398892,0.0454288528690001
14622640000,0.18289728100295,-0.156467296547778,-0.587485062476614,-0.516413742137573,-0.596698180038396,-0.506796872886303,0.145531771982965,-0.194174692671185
14709620000,0.102078258139119,-0.00888910197308677,-0.636423922542953,0.489965139377871,-0.625190245252928,0.501828366348873,0.0497232858945376,0.0330095918721495
14796600000,0.21490211825563,-0.105394062615186,0.332239109332589,0.70679941796444,0.345152746043796,0.700303187984415,0.204716397543436,-0.117836328540173
14883580000,0.0479118971263767,-0.0931372891334661,0.783337642761063,-0.172739766996495,0.778664481846992,-0.187924883523335,0.0158407498899997,-0.0764644870223517
14970560000,0.196239477421156,-0.0389206727074667,-0.0184869619789119,-0.787543314043114,-0.0366585427482188,-0.788060418052523,0.191781698311582,-0.0218736687185964
15057540000,0.0496806237030591,-0.150228774541408,-0.77776669309698,-0.162819883538564,-0.782493384526728,-0.147574427354812,0.0775756282429873,-0.14935424451602
15144520000,0.149036066591804,0.013149279693263,-0.304349212914788,0.733534303367509,-0.285948239355223,0.740358910190672,0.148588354222492,0.025359931124806
15231500000,0.13342537537999,-0.163156841671036,0.635652208249565,0.459243331994183,0.646291066544846,0.442368893881484,0.137109407585924,-0.18086085474302
15318480000,0.0600803794826636,-0.00300618179035306,0.586239123073278,-0.544461948382135,0.573695557559829,-0.556001282980352,0.0741959623142008,3.02497300932892E-4
15405460000,0.199898751578298,-0.0947828228711622,-0.396703363959194,-0.673115663366813,-0.413835619998344,-0.66145241068645,0.171228450693574,-0.154633466529728
15492440000,0.0396797554313993,-0.0721821784640776,-0.75985311709874,0.248057927863694,-0.75391901309057,0.270396275285848,0.0223747941294798,-0.0648829105577706
15579420000,0.207081710373275,-0.0504357456450526,0.0921441976299799,0.776217851397448,0.117681080470035,0.77302591781662,0.202675768220455,-0.0594236774934482
15666400000,0.0347433425983132,-0.142025129160133,0.785361291101279,0.0883609903689534,0.787623371913721,0.0622282247881318,0.0673764621069617,-0.158538028623907
15753380000,0.174368081370868,0.00672483520035386,0.22568515456945,-0.750765624385266,0.20404576143574,-0.755791449573955,0.178452643444702,-0.00259651214357174
15840360000,0.147771041286421,-0.193606722918246,-0.663312008960312,-0.393338652588621,-0.671885146966325,-0.37409062113479,0.126020498173566,-0.234336468834651
15927340000,0.0598292947768871,-0.0340312952440883,-0.530525443785115,0.592680376045861,-0.515928321569459,0.60607576403883,0.0579256786163658,-0.0147395003545711
16014320000,0.208994214480711,-0.1525941036485,0.454757102471445,0.618530453773244,0.464848005478185,0.611733922555987,0.185136628796279,-0.189648392373234
16101300000,-0.024794206919419,-0.128937894539541,0.726858570339969,-0.30866304868932,0.719895901983904,-0.323161044101891,0.00979569974444277,-0.143743040383914
16188280000,0.174060251827381,-0.0628869558501729,-0.166478387917141,-0.763798303359582,-0.183794865301682,-0.760219428889067,0.156333614615679,-0.0915962527768144
16275260000,0.00554991548826356,-0.154967016200549,-0.782801915640594,-0.011718233541636,-0.782782032131741,0.00556977918177727,0.0485521395781095,-0.186651807390809
16362240000,0.148096759933999,0.0094746780938996,-0.150220488412379,0.76802340114757,-0.138436670066783,0.769731073758189,0.151320562965655,-0.0510401636243457
16449220000,0.155211451340158,-0.188030482106764,0.69606356143361,0.321112689232199,0.698772410996215,0.314489654309499,0.0612382105921503,-0.259620731198366
16536200000,0.0540131331989387,-0.0706387492252034,0.467199627379267,-0.638009112564602,0.459548027935079,-0.642896725221599,0.023126606952976,-0.0081322351463032
16623180000,0.189226633403063,-0.173647966721136,-0.511063215775113,-0.570480884245366,-0.51825972947168,-0.565177354409915,0.161998220736775,-0.189029671788109
16710160000,-0.0325805291946479,-0.112945377403519,-0.688574609256398,0.379858352794984,-0.684892986212182,0.388018966443727,0.00453374351949928,-0.121738358419599
16797140000,0.212144508494595,-0.0934548685660681,0.243967246273508,0.729276124367909,0.255313794058346,0.724753214788263,0.182601366319547,-0.119565796778294
16884120000,0.0274194750017544,-0.210872750444619,0.768399478919119,-0.056263504675781,0.76668620021631,-0.0696574129757834,-0.00220092855554528,-0.225402521861479
16971100000,0.124664581217948,-0.0688147345002056,0.0800817810062288,-0.77808992321891,0.067969094041766,-0.775866365514985,0.126031175156081,-0.0164631800446821
17058080000,0.0949760027516225,-0.245425147730439,-0.71783756984997,-0.249708969747359,-0.71898127726816,-0.242876377061524,0.0989668657863137,-0.261941275383601
17145060000,0.00238974704126455,-0.0496169794442157,-0.402561424108123,0.676753774885268,-0.395830161829636,0.680772215053257,0.0427399694258983,-0.0607152078620611
17232040000,0.192781730378392,-0.198475431337868,0.557888274124769,0.511000301380256,0.566524274238015,0.49993021978761,0.156394475664507,-0.236909239521083
17319020000,-0.0539276575278771,-0.126111489727207,0.645017682715043,-0.436106778085566,0.634655536633788,-0.44812513358943,-0.0116337371802789,-0.156178883332173
17406000000,0.209602059203312,-0.115286273272936,-0.309976239610274,-0.695739779868469,-0.323660229936993,-0.68456815498388,0.181294837913032,-0.167752853639082
17492980000,-9.00555096131413E-4,-0.229991603659931,-0.749837770925633,0.122860294691202,-0.74249515232335,0.143150165700137,-0.0121163808896011,-0.261963270076755
17579960000,0.128357601556605,-0.0157466641702083,-0.0035424436730474,0.772325651717943,0.0158953079473943,0.77134758765561,0.118849791906805,-0.126986419673352
17666940000,0.188508722459043,-0.281227544640382,0.710180345202351,0.180822865518422,0.71288050855022,0.15868976458462,-0.0232763209959024,-0.350110149022108
17753920000,-0.00825259035312353,-0.145844066221516,0.356927120910968,-0.68807143430728,0.331122825072614,-0.69949716072367,-0.0671742027944344,-0.0549217127085296
17840900000,0.172321992056707,-0.238413838969226,-0.592383693913356,-0.45900675402742,-0.605181621443075,-0.434930988176664,0.115615866716554,-0.254647640300273
17927880000,-0.0585255727079794,-0.197294816337067,-0.602454879598234,0.471340949191271,-0.581603581068056,0.489646308670137,-0.106011727533563,-0.169047815792077
18014860000,0.183568251607282,-0.163471724015048,0.368509987412748,0.659913197478115,0.386058784956043,0.64908977128246,0.14512998673558,-0.17628589824576
18101840000,-0.018755359164684,-0.328506995206066,0.709199620343241,-0.174747047391826,0.702725888356662,-0.193059772782193,-0.10728156541776,-0.321381227814304
18188820000,0.00235992280537533,-0.0812415918159196,-0.03054978790135,-0.774339382958404,-0.0582155507385732,-0.770389747195067,-0.0131148487331807,-0.0840606370746384
18275800000,0.100520633090335,-0.286586714964889,-0.730817595922392,-0.120291741693712,-0.732010326405338,-0.0909461971868793,-0.0442009405059415,-0.299389040955299
18362780000,-0.0797565631740646,-0.162581271560147,-0.307161719018245,0.703616795570146,-0.267298915094239,0.714839471810658,-0.128921671775207,-0.0591047179935424
18449760000,0.0918179680288419,-0.233954954337309,0.627934009884133,0.419162444687365,0.653645293701453,0.374227908539932,0.0866326193207477,-0.213584505498549
18536740000,-0.129768511826108,-0.205247025076495,0.56331765203929,-0.500506883203316,0.523548539284399,-0.539988676314468,-0.146471210247592,-0.191418188448897
18623720000,0.0938064380988696,-0.111822409268616,-0.404674344530725,-0.651247752425929,-0.455080904460277,-0.613989502933418,0.0576802004514674,-0.15747427160366
18710700000,-0.0533861568503361,-0.320586768190241,-0.695680551113596,0.226345072344951,-0.673618840071858,0.279226004262015,-0.151782318691352,-0.282082357249779
18797680000,-0.0675230887007664,-0.0715404379905586,0.0761316663303402,0.767712169728281,0.127559319295342,0.757037320083382,-0.0729744711052106,-0.0659965609752001
18884660000,0.030518338034112,-0.257143247225263,0.747122325135786,0.0635325493730364,0.747188106309385,0.0133882275097207,-0.0403479214564498,-0.250028921444171
18971640000,-0.110374657868554,-0.118363923679568,0.240607873113884,-0.726299080860202,0.192035340299013,-0.738946750822978,-0.132918637048525,-0.0800918115469046
19058620000,0.0809858912545657,-0.232161088563073,-0.662507809869451,-0.34814213788661,-0.681227032391854,-0.301755323737864,0.0419167103785742,-0.244615780427205
19145600000,-0.17278710957124,-0.270352490260543,-0.500147924698821,0.53057171135293,-0.464349673165223,0.560855411137487,-0.253610955863976,-0.186361853202688
19232580000,-0.037388297589543,-0.0809114651971831,0.451311105678325,0.624401730009627,0.482269925332334,0.595968176775637,-0.0203484863403259,-0.0710781260323469
19319560000,-0.0885158776302091,-0.27502834121251,0.676857407022872,-0.304608498690806,0.656770355665339,-0.337489150478264,-0.162309247932218,-0.214652474156743
19406540000,-0.105354825566851,-0.0726748763805558,-0.153391338875872,-0.751479643531198,-0.189447751064086,-0.741148378433821,-0.0996821936132558,-0.033287166269267
19493520000,-0.0498373205780784,-0.262736231985656,-0.744726959526118,0.0183467220635113,-0.737969855226255,0.050328301878754,-0.0423589045925132,-0.244455621636234
19580500000,-0.208520449333135,-0.117600555523672,-0.168728133787612,0.729954175294688,-0.141932267428347,0.732037996134851,-0.230745866669315,-0.0804382003687668
19667480000,-0.0172650102613742,-0.133064168116989,0.707264949339739,0.291192670138484,0.709340448380199,0.280139276554563,-0.00335188370789613,-0.133615735103191
19754460000,-0.188386392001957,-0.202750577883156,0.426263751011141,-0.608333418059644,0.428084592566727,-0.603136215006016,-0.244253804989659,-0.130071033947482
19841440000,-0.0521131282885281,-0.050799445284041,-0.536244080961087,-0.549443088206672,-0.518958161089148,-0.563946233009597,-0.0475958417479093,-0.0544049148578222
19928420000,-0.151575822725325,-0.253299340067205,-0.615057381577534,0.4035609721597,-0.632774437632353,0.369277036329839,-0.193161647672153,-0.20254251774117
20015400000,-0.167804304779581,-2.42794303467003E-4,0.223177613267719,0.719868116254553,0.242041620787706,0.710804555005554,-0.197528835110448,-0.0210159546033058
20102380000,-0.037171940834013,-0.200844597861118,0.743484914197142,-0.0940475916537514,0.739655221051179,-0.120063540123448,-0.127778350123787,-0.158828228549386
20189360000,-0.256477365464525,-0.139468468238817,0.0965449915264521,-0.725698991944946,0.0696344332888387,-0.727969379315301,-0.304465880642662,0.0124659957254375
20276340000,-0.0643843475833289,-0.0276384192388469,-0.722614296035764,-0.253609411367163,-0.733298134999384,-0.216493640861958,-0.0572491608805422,-0.00626808585529398
20363320000,-0.172463775772633,-0.199699482246194,-0.384951656882529,0.637158520583237,-0.346103120448039,0.656089837173429,-0.253043354165604,-0.0134690023879308
20450300000,-0.129733262089255,-0.00669165863997593,0.549144144520137,0.527478209129252,0.575785549905633,0.488304943944124,-0.0755763524112114,0.062363861818545
20537280000,-0.158390602491167,-0.212564669263964,0.601751391545871,-0.434599980722377,0.567859047120633,-0.470303913260313,-0.204779902068618,-0.102139576076204
20624260000,-0.282539354244437,0.00925026001176068,-0.260533222426288,-0.680798256109316,-0.29987902201683,-0.662201174014946,-0.252260791538124,0.136743821219037
20711240000,-0.0825155335178689,-0.00673661317869934,-0.753932687964407,0.122944905136485,-0.740870664393013,0.174485299616769,-0.0466599471332317,0.031091537264225
20798220000,-0.201904765410506,-0.104979979747509,-0.0295785626764144,0.746162158934645,0.0282101706541943,0.745348915696956,-0.198865196666395,0.101782997995427
20885200000,-0.152051499292204,0.0357052158229034,0.734111871514477,0.1959262882801,0.742467522730831,0.136482496708787,0.0194388943711749,0.0745476545468819
20972180000,-0.197039511425645,-0.100924581842487,0.323301873423825,-0.677014184997488,0.266213961686878,-0.695313777681107,-0.185640519383129,-0.00390877513663959
21059160000,-0.200770344929957,0.123746231884479,-0.578836647039603,-0.467775822636913,-0.601003280293041,-0.430687554727115,-0.111692367226517,0.174852621840494
21146140000,-0.0877579580639304,-0.0108924601230112,-0.586152093715664,0.488966795669908,-0.555539089652677,0.516725799631249,-0.0434803260031383,0.0286233129824687
21233120000,-0.205908384372107,0.0303700640032387,0.351078498221346,0.658639864654187,0.388250182654442,0.633084695019217,-0.131540234210901,0.159049784879478
21320100000,-0.143611957385116,0.124759380361966,0.728771380809152,-0.194171464283629,0.711667803701187,-0.238147040045448,0.0897002619996331,0.0600560342461453
21407080000,-0.131391510110693,0.077714323774769,-0.0478540563945183,-0.753829426587866,-0.09756415584697,-0.742912474217625,-0.13535709032043,-0.00555816863206079
21494060000,-0.0316913306026825,0.181922827916613,-0.741122026131482,-0.117289775819265,-0.741320330906798,-0.0754709974351145,-0.0674503386990274,0.146461005361804
21581040000,0.00379081677546152,-0.0282701071403713,-0.268279703729366,0.71205564755197,-0.231198485876433,0.719366380387776,-0.0195169167907171,0.0936920379466572
21668020000,-0.0795948297563641,0.0884909106260724,0.639885797126797,0.405316842222411,0.656048407703784,0.366500765749222,-0.0413671662055882,0.112699596466307
21755000000,-0.0294463309892686,0.0419534019744061,0.539426075655487,-0.537553274721544,0.491922257682309,-0.572483072702544,0.0155462589705599,0.0483061494070927
21841980000,-0.091402886949169,0.0540084445366103,-0.407762616856699,-0.636294306612067,-0.463734305210851,-0.58637649686237,-0.0760657120276434,0.104604003010497
21928960000,-0.0189618562517691,0.138047374014631,-0.710157373275303,0.256818018547064,-0.674048042652155,0.324227084315897,0.0581857723777543,0.103076997944834
22015940000,-0.011296683203426,0.00229742054706709,0.114994871816886,0.751795575735077,0.166076144137447,0.737440952779958,0.00106172853978298,0.0438732013321323
22102920000,-0.0388152527430754,0.0943328318955724,0.758025073294831,0.0373713010557088,0.753334164101967,-0.00755595565391336,0.0197433454318758,0.072214123636017
22189900000,0.00332929091902927,0.0145017033920476,0.192918839787158,-0.736292916852878,0.153406623949456,-0.737927435141904,0.0310167856340032,0.0224790454166359
22276880000,-0.0202093708649751,0.0707883625759373,-0.678209807742235,-0.341223206388629,-0.688662105531501,-0.299539850775777,-0.0226488795582286,0.0616968347609925
22363860000,0.0044545905258284,0.032837747741724,-0.479016091554988,0.590464766989576,-0.434075293737792,0.614576568028259,0.0322066096877327,0.0412958132518946
22450840000,-0.0738836774117272,0.0345990646523341,0.479537549566674,0.585393679326652,0.513231447047304,0.547283420621342,-0.00931495931486494,0.0960253459254888
22537820000,-0.0281551664113345,0.151057708607709,0.665676757246209,-0.34679608730103,0.641814204065331,-0.376676858497521,0.113332978953876,0.0672586988459093
22624800000,0.0401905552214769,0.0474952450197671,-0.207359125028315,-0.728968094447441,-0.229011407954824,-0.714661373853824,0.0286537995347384,-0.0220595805531024
22711780000,0.0311462347346201,0.122940877700765,-0.750694388597302,0.0622151039604055,-0.741462840541867,0.0735943124192678,-0.0010217840279754,0.0959531822932067
22798760000,0.10938686677653,-1.44052723775295E-4,-0.103225357922324,0.743642440020006,-0.0919740547329733,0.737360189224093,0.117846779086104,0.0386049814876275
22885740000,-0.0142782982112815,0.0346951351786212,0.710858858443416,0.259849080036312,0.712507130936556,0.235032251235646,0.0402756236514943,0.0401662538220317
22972720000,0.0775418726345762,0.0664047307656661,0.40452801156567,-0.631797986603663,0.367541534497184,-0.647864883501154,0.108130138146671,0.0336006874086705
23059700000,0.0245781420078097,0.0358695084758374,-0.542344766988236,-0.525623145853009,-0.562559216965149,-0.494033685357233,0.0170975490997074,0.024670029581177
23146680000,0.10441784403469,0.1015696207352,-0.61591237280526,0.41288712854271,-0.583302752403157,0.445796804150828,0.0814405133638706,0.132298471468499
23233660000,0.108080233898791,-0.0818475123279859,0.263948847752534,0.695774790822472,0.301130208018911,0.672832044574358,0.158269679814375,0.0266482606337976
23320640000,-0.0347617662277995,0.0674355229726122,0.736790280931072,-0.128232928716918,0.724434599576889,-0.156992339297027,0.104202078317117,0.0465047021810273
23407620000,0.164825336710996,0.0333132684460076,0.032762590087298,-0.738763166102975,0.00854097414727016,-0.734391566850605,0.17646399959739,-0.0298107476416763
23494600000,0.0199862344624233,-0.0131991193183282,-0.727806409766941,-0.187899006394267,-0.725877668071289,-0.163745801373318,0.0557409388954036,-0.012470852477447
23581580000,0.130229972181555,0.0260111143946295,-0.328410374765603,0.66742441812315,-0.299956042520834,0.671789055719622,0.120624214486914,0.0558269531885817
23668560000,0.0236048634830698,-0.0158779515146211,0.587984748816894,0.465768506826984,0.599826613918498,0.436740130094886,0.0848837779723901,0.0174698948081177
23755540000,0.138104479534345,0.1043646959812,0.559974985015996,-0.47244895774314,0.530270247117402,-0.494499046218235,0.144643566757509,0.131285062630173
23842520000,0.170304526819785,-0.0843539518164658,-0.325944352515681,-0.653850831870094,-0.355056221965338,-0.632197823070738,0.213102744597761,-0.043978260486624
23929500000,0.0118628075129814,0.0216835819549589,-0.717550980617649,0.199293402382645,-0.700910440787369,0.226026448987679,0.100943230395099,0.0301245295965036
24016480000,0.200723462708617,-0.0211459626150503,0.0441941713521955,0.728702355299917,0.0711896430398911,0.717235090554366,0.211563491532084,-0.0183250006705614
24103460000,-0.0128839524828846,-0.0357607370609079,0.733928742993868,0.10586694227759,0.727872450798187,0.0832690558162793,0.13047859239901,-0.01600944841207
24190440000,0.24213750958645,0.0479498989148302,0.238692145485143,-0.674272515312804,0.215809742471116,-0.673465095273325,0.255061060413387,0.0341996954948163
24277420000,0.0942958291726879,-0.17565404968553,-0.594776125324298,-0.403634915348306,-0.603270288351657,-0.380354942007886,0.223805017046848,-0.149211061852983
24364400000,0.0480452132910923,0.0340255817712059,-0.521877745195518,0.520511581026671,-0.496776793687871,0.535351748030129,0.136361346678106,-0.0325548617095242
24451380000,0.202281478142013,-0.0617300071630698,0.386156125173407,0.611871514023187,0.408179257688563,0.586403509815582,0.179037091054924,-0.168108199125236
24538360000,0.0475988086251816,-0.0350758509935076,0.689244481115253,-0.266413401111256,0.671127104619272,-0.285661101278569,0.0595563623319206,-0.0231058454392071
24625340000,0.250325004789373,-0.0897498485536335,-0.12083607866668,-0.699839688382217,-0.137090727735236,-0.687827658523526,0.253972087561297,-0.0690568312715832
24712320000,-0.0379167263219365,-0.165690139506819,-0.718456310488171,-0.0500522360058068,-0.710986626865858,-0.0370742170737256,0.156060069224239,-0.184297015115302
24799300000,0.15784167787295,0.056801674396611,-0.173782263827444,0.698956113342608,-0.16107803275467,0.695331719755367,0.183102542012053,-0.122910363953618
24886280000,0.186903075377286,-0.182687948806804,0.618858057037532,0.334177052941791,0.618556314959603,0.315658251715162,0.0978624265267646,-0.289521520916213
24973260000,0.0498668925814663,-0.10309412374786,0.475082610908386,-0.558632815676794,0.446879124011362,-0.569750966753564,-0.00597832012774649,-0.0466513564683757
25060240000,0.159058640468103,-0.169624922854225,-0.445477364187047,-0.557098283361838,-0.456342754055993,-0.536185132097163,0.173070624574656,-0.168807181297587
25147220000,-0.06134962755728,-0.105914625262785,-0.654631335067563,0.316215323833939,-0.637053739564544,0.331774307945454,0.0483572189413499,-0.15469624762155
25234200000,0.234944072405766,-0.0930031846258461,0.198452186198161,0.675560418201929,0.207136534819396,0.664604613091414,0.194634142175214,-0.171135048017377
25321180000,-0.0479777978751571,-0.278973398858626,0.688565670149847,-0.0150574934335111,0.682095888957684,-0.0196952908496933,0.0581503351846329,-0.328319425740766
25408160000,0.0123589802705704,-0.0274594296121452,0.12669311898667,-0.714825527154962,0.11554535119105,-0.706686642687469,0.00477455087089912,-0.152331466356711
25495140000,0.118485633719524,-0.194247170896648,-0.653065364763978,-0.25839839526024,-0.650082566256047,-0.249406647119563,0.0233740387798564,-0.292535002322179
25582120000,-0.0361480562706539,-0.119308042362529,-0.407256579867517,0.601040304610084,-0.391837300604281,0.599323920273637,-0.0505374907597762,-0.115692059674039
25669100000,0.182595504947726,-0.160948726044061,0.500725760768504,0.489012359606567,0.503023776109521,0.472169600037241,0.0811419856429794,-0.263169520614778
25756080000,-0.105289466506308,-0.228152533831651,0.606322186980834,-0.362673405714527,0.5911005031442,-0.365817231604098,-0.086640706239947,-0.245178508057287
25843060000,0.151517140663016,-0.0726310353847541,-0.263194138459011,-0.66391301373384,-0.265618971839468,-0.64878856287418,0.0411804843995696,-0.192475893483375
25930040000,-0.00178342078958376,-0.319514101523077,-0.67625530653057,0.0911788850997554,-0.667468458594512,0.0953178885091842,-0.103601263495882,-0.333857341105046
26017020000,-0.0262320632555995,-0.163984772378429,-0.0613545482946249,0.717021973154759,-0.0573977006715267,0.709826992395948,-0.0810340950251526,-0.0426938001426358
26104000000,0.0180970656884611,-0.265175602716946,0.669864626278196,0.183664895931619,0.661713694239019,0.173439011184945,0.0269589860027763,-0.290246167224856
26190980000,-0.111564567138178,-0.186677728303376,0.34804563437318,-0.622026015314201,0.331792445808977,-0.618387132457618,-0.135964321279106,-0.127660358546527
26277960000,0.0940922952048763,-0.203245316735718,-0.544676181635057,-0.438475603879139,-0.544020605120832,-0.41591788958601,0.041743855026372,-0.239473084482927
26364940000,-0.135923340260662,-0.310699766384259,-0.5528222355801,0.405159823189025,-0.53156852351155,0.416260559170439,-0.195703879420982,-0.235512516643769
26451920000,-0.0244639126610952,-0.152953523121685,0.30866621209656,0.644321675769853,0.320139113586305,0.632661079356786,-0.0180264352379287,-0.0489159064458534
26538900000,-0.113976310031796,-0.278356806801327,0.670492648707472,-0.173600142489962,0.658735719031203,-0.179682757090751,-0.0705492389855184,-0.266298802980687
26625880000,-0.0685991635640626,-0.182731473885055,-0.0449392912811637,-0.706123845885887,-0.0461470282457024,-0.696631378802511,-0.0581953805391794,0.00552864757546882
26712860000,-0.127048350676552,-0.294296789182418,-0.671971436057965,-0.0736004604481113,-0.657399923521524,-0.0817826858273322,0.0859498709639674,-0.279389937312237
26799840000,-0.13453877427008,-0.146438450481025,-0.161325492681282,0.629366316582146,-0.16782620884133,0.615797416814696,-0.0817378585631295,-0.180639081114521
26886820000,-0.127887732514401,-0.145180291517346,0.517211401399138,0.427366675091567,0.505406267395714,0.429482776130117,-0.0402987158047364,-0.0907286649143847
26973800000,-0.273374270951922,-0.204205997245841,0.476262109220517,-0.456146701731329,0.472656614070664,-0.450012978829065,-0.173520723691278,-0.248037251137927
27060780000,-0.250090061446529,0.103965410691268,-0.268734678645681,-0.422977953235103,-0.271417430716957,-0.410476743833832,0.106852500556597,-0.0501564837128969
27147760000,-0.103738055030624,-0.239976377845794,-0.653924938208131,0.129202580523239,-0.641833317712785,0.138774644042431,-0.0935593829690923,-0.290828660853845
27234740000,-0.193764534153819,0.00999473710305947,0.00288508467678365,0.692536698773306,0.00577987241764852,0.681152757413444,-0.202464360713117,-0.129636841129785
27321720000,-0.00318221957140126,-0.168461595357177,0.691229466778773,0.0987516786164397,0.683155440635254,0.0980902722546653,-0.106394590527632,-0.180987131205531
27408700000,-0.244044889373302,-0.126655804186769,0.250341249173592,-0.632912850871368,0.244411771982587,-0.628020781322666,-0.265477163738501,-0.108679703697646
27495680000,-0.104282133087079,-0.0208562723081374,-0.59568466503548,-0.390243084842802,-0.588715796271844,-0.378722294084004,-0.0811343370073229,0.00876940448382696
27582660000,-0.208693129048861,-0.106360255760329,-0.483894130731771,0.498778508061032,-0.467108690528097,0.497692934185947,-0.158352984745896,-0.169947847162908
27669640000,-0.123724173197575,0.0827455515215648,0.378225007281953,0.59294244214286,0.380230677386287,0.580307162680467,-0.188554519756116,0.00142697685903681
27756620000,-0.0867236991707011,-0.112090291582014,0.650178008354813,-0.270831012252801,0.638938593003367,-0.272767664578053,-0.136035511330779,-0.105463412385382
27843600000,-0.211594063676919,0.0500360791157852,-0.117744927670516,-0.680577013805401,-0.116921089596065,-0.673890647737423,-0.233209283489615,2.79610557751879E-4
27930580000,-0.0482912234718163,-0.0139363233996102,-0.709908406914513,-0.0154637620850213,-0.697528612737671,-0.0253693172792017,-0.102924196584341,-0.0029071070859531
28017560000,-0.190050501340469,-0.0153180260544736,-0.153251955721971,0.677727057780311,-0.154301207678738,0.664208102249484,-0.19948158864891,-0.0450576877880996
28104540000,-0.0572865490999422,0.0378680224006065,0.641527500034076,0.301025158263213,0.632457526092467,0.291710522139658,-0.122189071954614,0.0309159508094556
28191520000,-0.211551577966437,-0.0867908945831648,0.398001921415776,-0.55500189518305,0.389596250407355,-0.547844453285286,-0.220010860552475,-0.102526343308009
28278500000,-0.164591267010958,0.161612843557387,-0.441144698684496,-0.520364994579963,-0.43990134227382,-0.509666794110646,-0.241778198731628,0.0978069033550543
28365480000,-0.0923395937464698,-0.0387897951026887,-0.604912765069325,0.351026160179203,-0.59074361891362,0.349016975601841,-0.135200330800647,-0.0178833750772527
28452460000,-0.217296194247784,0.120537245233291,0.211528891438311,0.639417000295365,0.214770123564484,0.621861639533116,-0.258434200926003,0.0625406325340703
28539440000,-0.0529318377114542,0.0473703296231612,0.67216270348038,-0.105101790577998,0.658181432737896,-0.106921715896182,-0.0973702362253043,0.0436873971907219
28626420000,-0.115069647391271,0.0256291966871982,-0.0250293762252485,-0.565975280670485,-0.0242828103789103,-0.554619217706752,-0.313478488214458,-0.11390509217288
28713400000,-0.186809469514606,0.222745185536644,-0.53023808505094,-0.294713448946939,-0.521521288169143,-0.288611188415396,-0.300584894587682,0.261481451295387
28800380000,-0.0736691014425471,-0.0230997830290155,-0.400281218266367,0.542637884076105,-0.396225675785329,0.530666380903836,-0.178647957216286,0.12486705937386
28887360000,-0.199810437628711,0.174667843863485,0.441403880894595,0.490791882126185,0.432293075400869,0.479812519971677,-0.216165551003866,0.234598009904601
28974340000,-0.0420020415678524,0.0272616480780269,0.588980715974214,-0.34909432201041,0.579581190541425,-0.343952774120276,-0.0931991049404752,0.150887465078357
29061320000,-0.241726591920205,0.0970376404218378,-0.219822051388295,-0.621904735869952,-0.221270941013026,-0.609963794184246,-0.221401043149699,0.209436395612443
29148300000,-0.0820381192641692,0.185073785710119,-0.669687785579988,0.0625567347876988,-0.657330022358686,0.0691304662121526,-0.0106387187116687,0.259049864813765
29235280000,-0.134517075608028,0.0102335139827765,-0.057901678745507,0.679284396820363,-0.051744913675816,0.668650683276952,-0.103486392986344,0.150415472899762
29322260000,-0.188579120673429,0.169525240760622,0.63852497936356,0.205927403646994,0.625043568205524,0.197604206849536,0.0246330547058248,0.259750992334104
29409240000,-0.0912982157273257,0.0957585564020954,0.339948933788493,-0.596905533608267,0.32793816189252,-0.589422429555497,0.0182214759262741,0.0413391706201325
29496220000,-0.114837692373305,0.184023899552837,-0.507371670551089,-0.450869857666448,-0.505717976520923,-0.440736054379971,-0.0944877583917465,0.152949375550878
29583200000,-0.0551423527410523,0.0875569349566749,-0.556577218513713,0.409397621970905,-0.541201143121061,0.410941075709778,0.032900648082704,0.0942928487058173
29670180000,-0.143217736539,0.144632679791567,0.288099694407563,0.617547486776007,0.293806987545928,0.59994828003215,-0.127857920229185,0.0984804246202728
29757160000,-0.0465279801726323,0.171750103762098,0.669317787644473,-0.140929913877217,0.652900207532804,-0.148233990840595,0.0408413553806155,0.176975096021452
29844140000,-0.0851546870561816,0.0778385101804088,-0.0149773517309733,-0.693581055974107,-0.0217414053548989,-0.678101316582411,-0.0633364179063994,0.0476914985960278
29931120000,-0.0510921996132831,0.21978586743417,-0.664934471727646,-0.132959956964172,-0.656724750659802,-0.120376529138458,-0.0192004565827096,0.212720250113985
30018100000,0.0378564904521086,0.0746866505597762,-0.279866925308403,0.634632560420106,-0.267344381734681,0.631003985502371,0.0581399652467338,0.0899471435964082
30105080000,-0.0386287782955364,0.161098078812213,0.567053326709256,0.387946601788674,0.561075151641984,0.373995830446404,-0.0608796422754139,0.128977602831964
30192060000,0.111181709905491,0.0987876537898308,0.509669847015563,-0.458364909321034,0.489295635135879,-0.460513711915987,0.0837759396144031,0.195449225877022
30279040000,-0.0449531610733401,0.0134012525329082,-0.353392124770984,-0.598765558717682,-0.360267055752036,-0.579067344969017,0.038338911369251,0.115878321449909
30366020000,-0.0127881603186232,0.190393440023058,-0.646289552618742,0.212956576243868,-0.628710492200765,0.227865320469364,0.161276769173477,0.177500091985582
30453000000,0.0863335755096515,0.0580816770340078,0.0694001827612688,0.69150304653679,0.0886241823196418,0.680352485547536,0.107893649695138,0.0247744249900527
30539980000,-0.0101508304253606,0.153146729332508,0.686013385695952,0.059581005962291,0.673671330082918,0.0392923071751578,0.0697745241913049,0.148455192468916
30626960000,0.144398656481027,0.0754922604746842,0.210608282118336,-0.655703298873891,0.18924910284165,-0.648099017591764,0.178122550896521,0.083415865040684
30713940000,-0.00465076443554494,0.0776142131468604,-0.61079409211923,-0.33399619640986,-0.605614322386605,-0.314340153486409,0.0635692841086766,0.067692202197855
30800920000,0.153415665020462,0.161960309800266,-0.444835071454016,0.508558276364242,-0.419586135492315,0.511516390561506,0.240918446284483,0.126775258811161
30887900000,0.132454091063009,0.0149735355668062,0.40747652583611,0.560671443505281,0.417898789241579,0.539807890440169,0.116945546278137,-0.0525145903380409
30974880000,0.111955301444416,0.127089248261899,0.61907743667993,-0.296258147280985,0.598034718414223,-0.30649165219741,0.144297128246044,0.129368783366697
31061860000,0.178335018481068,0.0270832712047852,-0.15249439932731,-0.672627586645126,-0.161745167264567,-0.654938351645747,0.170780911268775,-0.0244384109258865
31148840000,0.0701003323318988,0.11451649407914,-0.688528059880549,0.0320534783391557,-0.676543770698677,0.0390126633917219,0.0861994459578868,0.100763448459293
31235820000,0.252588497206643,0.062649597403823,-0.119517613696492,0.662955674776107,-0.114848203859853,0.651567111082979,0.255582911221886,0.0425776840248414
31322800000,0.0954069819384301,-0.0159521999283467,0.644481383537233,0.260197342224403,0.637598649824053,0.254762759242,0.072060938254237,-0.0532647616181096
31409780000,0.187202748006605,0.0639878700431792,0.368097008553504,-0.579006011278845,0.362891368100434,-0.569902089684969,0.175958476276464,0.0961555668589797
31496760000,0.0920119304711873,-0.0148692558762298,-0.497832505310713,-0.483890916767043,-0.491790049956385,-0.475558155483868,0.0952270263163465,-0.0364067764853172
31583740000,0.14813406250268,0.130401177508547,-0.551343428072235,0.394793896038431,-0.542134822943551,0.39192163250811,0.178946946367732,0.12171245898107
31670720000,0.205270841554068,-0.0187044217676306,0.263861647371398,0.623766932100702,0.264981382425692,0.614726557986256,0.185065266823187,-0.0618558477518568
31757700000,0.112846404204184,0.0540355958664666,0.661297599912408,-0.160655775578653,0.653036869417887,-0.170124884634242,0.0806405040455016,0.0677333769882255
31844680000,0.204909688886962,-0.00497983149943251,-0.0582465990362562,-0.646711914046327,-0.0698432811968316,-0.639116038775376,0.195121135490297,0.0532438236842275
31931660000,0.125974931078116,-0.0622029483407109,-0.609329647426508,-0.104438020305129,-0.602397395777415,-0.0892428324741237,0.149728164905053,-0.0142933151713131
32018640000,0.304342735789063,-0.119833443904218,-0.0846578922487908,0.502581293626266,-0.0732644155940532,0.497463847903126,0.362214362067898,0.0789781884156806
32105620000,-0.211160367302815,0.0739616078303199,0.174594567499327,0.311776731986656,0.180684730057924,0.301869157429679,0.227695994937787,-0.259664140494374
32192600000,0.0354285472559716,-0.0985364170265578,0.567547885122559,-0.173974746994859,0.553262859535912,-0.18665511816525,0.100922156044168,-0.185299404758408
32279580000,0.0427518183923303,0.148978666547219,-0.123253231236783,-0.634155041304566,-0.140723560611082,-0.616982015968629,0.0191767734931245,-0.200979602799958
32366560000,0.10308994848326,-0.0402552176327393,-0.670791341816743,0.0127885297240027,-0.656276927449341,0.0301410974969958,-0.0427274646137811,-0.117982743536079
32453540000,0.0171056713417591,0.0366548718604578,-0.101223149064479,0.675452940700738,-0.0843840729719936,0.665687645237446,-0.00219684386643389,-0.0770647686949826
32540520000,0.0692026078361625,-0.0113999367256884,0.650416678627934,0.222218745277137,0.64328014523311,0.210601690628698,-0.0393559926690839,-0.0969410797665658
32627500000,0.0195310323342832,-0.0390999596571918,0.343288967472018,-0.600090751693614,0.333754155576016,-0.5948437801101,-0.026248610314641,-0.0188962263486463
32714480000,0.0443634180692019,0.0243231888315353,-0.529539515945685,-0.44656908351205,-0.518797034371513,-0.441766425056868,-0.0315446775317006,-0.0741821013088246
32801460000,0.00120467061520008,-0.0512269089069867,-0.543702157454678,0.43390430255941,-0.53650691200339,0.41944819171762,-0.0334361320584228,-0.0315981663725959
32888440000,0.00154987784081,0.03565893556801,0.318960721637779,0.618823410036181,0.306674777284523,0.608973086700476,-0.0411253445241446,-0.0397787111274993
32975420000,0.00824673900496211,-0.0746001947841832,0.671264315778852,-0.187529615924506,0.659730418476991,-0.186169629213834,-0.0590390126292758,-0.0307464762644668
33062400000,-0.049981238476059,-0.0414749684235384,-0.0494626282168003,-0.692911576618133,-0.0493378352909808,-0.682292315423049,-0.0720527216625353,0.0465662474436875
33149380000,-0.0673078558774586,-0.00878386316161288,-0.691451205926798,-0.0950710338539697,-0.681474563208065,-0.0765542806075562,7.290532748358E-4,-0.0069927693567525
33236360000,-0.0692992570369435,-0.0160889236893919,-0.23459912504281,0.65385699226872,-0.209279454494844,0.646809283810308,-0.0775595109960263,-0.0148761472164995
33323340000,-0.058896922292805,0.0977391194866886,0.590375436203976,0.36335464655093,0.585983436132159,0.340435753697678,-0.0726411628795085,0.0417830417191788
33410320000,0.00721506509657152,0.014299150720358,0.477943549317804,-0.505977023485837,0.460084402605193,-0.502663424472949,0.00301542155951636,0.0417805267052911
33497300000,-0.0575960971824541,0.0716139025958876,-0.401204575286644,-0.564975580696687,-0.396960803130434,-0.554279562415112,-0.0601156778602391,0.0289895671897501
33584280000,-0.00811481607893176,0.0456778817219825,-0.635201382437106,0.277606388870033,-0.624738609973972,0.274029263972068,0.0178974771939124,0.058195270962983
33671260000,-0.0377275106263575,0.056071311697261,0.146010090905775,0.677071851583735,0.145473258937358,0.66276997000004,-0.0650785240964575,0.0227875667524722
33758240000,0.00883469405075108,0.107733732912152,0.68531588266634,-5.01009020246513E-4,0.670846943268702,-0.00796454929626971,-0.031744663054693,0.114181378497067
33845220000,0.0510146504227546,-0.0116904463462509,0.139688476846426,-0.676000051158887,0.135611865569924,-0.662343951420906,0.00892741796641717,0.0953436847686925
33932200000,-0.0574446016657411,0.0988450413245027,-0.633421344037792,-0.260741062265843,-0.618125771668457,-0.262391682520491,-0.00751359599560507,0.105911108711325
34019180000,0.0773028410891326,0.0660802379725302,-0.388023258257728,0.563386866961113,-0.385339994869992,0.553386615518849,0.0842762217851146,0.107796125403973
34106160000,-0.028910690703329,0.054644333633119,0.482164317469589,0.487558104964756,0.466958123684504,0.487583136867372,8.86987287725912E-4,0.0672892947200274
34193140000,0.0803989606101814,0.13881304126303,0.56586790807607,-0.367806871419763,0.561644673603793,-0.352069181165341,0.114632287909098,0.158825733437963
34280120000,0.0527134746411761,0.0122259266937659,-0.250859161740709,-0.63433771120946,-0.236716387034298,-0.628991883295632,0.0735528043949907,0.0470610868235124
34367100000,0.0515787813649078,0.188777621197642,-0.653622696745881,0.122984185721329,-0.640792111045001,0.114037907027253,0.108337648507479,0.192065800599379
34454080000,0.172934616660718,0.0437524703796812,-0.0283359471918306,0.665783659248028,-0.0291256499821644,0.653032504287708,0.188028297414101,0.0665866355124948
34541060000,0.0339040697648448,0.132625926007567,0.652474449935209,0.147014353196726,0.640510903730209,0.146185264144664,0.0709279908581003,0.126984624598674
34628040000,0.247317668464355,0.128182870725845,0.288343195330995,-0.57737552264062,0.282294873540188,-0.564775962958289,0.273544525503247,0.14204955643846
34715020000,0.0745237853790346,0.0129873798834774,-0.519727592176613,-0.425158326879493,-0.515064413381414,-0.413097941385102,0.1399391957441,0.0178453484034857
34802000000,0.202208754186921,0.24594841217679,-0.481546442184612,0.41066429309658,-0.474442649168535,0.40114232552256,0.302287434465408,0.173203941701507
34888980000,0.260574133074591,0.0172507941193722,0.277387034938526,0.582427398109674,0.267878564186166,0.573200846064968,0.248701148252969,-0.0926651525778387
34975960000,0.162705968869047,0.186671243989129,0.615196081710261,-0.202291731478651,0.608855451253393,-0.19468369763958,0.17966497955369,0.15410181489183
35062940000,0.339047063524085,0.0520932922586292,-0.0406722405508885,-0.622528425846216,-0.0407935943302883,-0.609070504075086,0.329729730875604,-0.0332688558895809
35149920000,0.134082656512961,0.0708399146448348,-0.657145084653462,-0.0571869533007402,-0.645723434641684,-0.0546467616713375,0.110476506777721,0.0286285846276579
35236900000,0.344421763079902,0.108635573874894,-0.157419396182048,0.590183010736649,-0.15884955042941,0.581220520273888,0.339342081946759,0.038132963146019
35323880000,0.187179181829239,-0.0424902215465488,0.572261865988548,0.263131862869256,0.56260751442113,0.259724481646223,0.106936627216623,-0.127884952355066
35410860000,0.21646301392643,0.238794909599583,0.260102614645465,-0.444778622579217,0.253916977769551,-0.441918558088586,0.195446509558063,0.112944015881351
35497840000,0.39071712014216,-0.0639611783455166,-0.187325486534121,-0.392143054174646,-0.189064460999428,-0.384518467415867,0.236469950087575,0.24381251716287
35584820000,0.318622268494788,0.0805723335775693,-0.390445454034053,0.092259718050295,-0.382469299623863,0.0990511363103727,0.47525347235045,0.221796287734498
35671800000,0.481776817572614,0.092871040763794,-0.0497363915924202,0.51628278269225,-0.043992692188405,0.511655401613406,0.513990105656514,-0.0334516047941402
35758780000,0.216932248100277,-0.0889569457963644,0.590980936831883,0.17466115308667,0.583955007164726,0.16994862941479,0.23604140441845,-0.128267832280086
35845760000,0.436159570806844,0.0732853240920386,0.204800565913831,-0.534826279220326,0.197614100710736,-0.529106853083223,0.429792010811539,0.0815359427443509
35932740000,0.299303411890673,-0.187705063055497,-0.470117506966541,-0.369173241656847,-0.464340118938916,-0.367318217978325,0.336433170806037,-0.219595147884602
36019720000,0.311754287322043,0.112691027012793,-0.399307479269362,0.451870024992492,-0.399125113134845,0.439231490016056,0.35944397520079,0.0807136709537087
36106700000,0.461505759074409,-0.161669082383163,0.278245066498386,0.47680564793173,0.269320303937752,0.474256235044655,0.437916778102291,-0.262488852592083
36193680000,0.19203492399293,-0.0440684488056217,0.592433285629776,-0.22738532958464,0.584514631441685,-0.213579664576329,0.211930728364842,-0.0404549424716026
36280660000,0.474549019083588,-0.103870714521475,-0.0989193237772301,-0.547367414033525,-0.0948519929474527,-0.533911060703239,0.467123346577055,-0.148224407025839
36367640000,0.188830723823466,-0.210086637511863,-0.615680790482375,-0.0565258517689417,-0.603446064655812,-0.0550509919572649,0.221957352260398,-0.223853327009185
36454620000,0.4310271290926,-0.0463798902717166,-0.0913492690851978,0.564553864575594,-0.0970273587638419,0.551568114428308,0.437327873560494,-0.0420075138550704
36541600000,0.272831566862759,-0.345714237167726,0.490131689973864,0.277258983417532,0.483045500593952,0.26874109072883,0.36423612635184,-0.364167052450276
36628580000,0.2586663562897,0.0225174385421267,0.335456842474057,-0.499927355469969,0.32236767895616,-0.49955123502862,0.340601579944905,-0.0920739951116629
36715560000,0.469729653266158,-0.288957670059211,-0.314558343725477,-0.403512533822199,-0.32281657531586,-0.378454624828176,0.400064010307254,-0.441816536482859
36802540000,0.143060008414874,-0.206853717233367,-0.560154566490595,0.239403696189095,-0.528586950262419,0.270598631732816,0.145605366220236,-0.244043362335358
36889520000,0.473422507641766,-0.231447512363672,0.150698537895512,0.50212344674795,0.180664344740966,0.478372298443163,0.428847163045385,-0.319723384006231
36976500000,0.19873598867199,-0.424020403930329,0.548327221051378,0.0631675173289019,0.539052058209289,0.0149301505441697,0.166410919985904,-0.47403703836306
37063480000,0.303090642810956,-0.167341227514614,0.0975896408947573,-0.585667313278721,0.0349709182723807,-0.586665000526873,0.280186866803515,-0.163480001631913
37150460000,0.281816433993572,-0.450216163031325,-0.474477267413724,-0.240970608849419,-0.486796418183856,-0.18826777110717,0.244872775950661,-0.514790537807269
37237440000,0.122726247995658,-0.198867370298035,-0.355297819780511,0.500826490751652,-0.296051791959441,0.520701396898164,0.119028204012004,-0.180184000769077
37324420000,0.382021291580282,-0.443647856300836,0.35204438860617,0.363499004577787,0.368082650232251,0.329909545626222,0.326988880507095,-0.500559836852723
37411400000,0.00594060256598848,-0.378428957171374,0.52423736482564,-0.235600517667621,0.495952259948648,-0.256677498008981,0.0456284329764661,-0.407416368746156
37498380000,0.374470421746061,-0.332497105394911,-0.202391975080799,-0.496214989165756,-0.232175115656948,-0.475785736569865,0.320451104410942,-0.367500951815122
37585360000,0.0890529145836824,-0.524344452430481,-0.511610664874557,-0.00865429367722914,-0.504934759765772,0.0256842425268138,0.0899431317745797,-0.57516052843032
37672340000,0.176559151163423,-0.242917790105476,-0.0553307873352691,0.586227601354919,-0.0114353584445594,0.578337021377684,0.148026295908558,-0.240928092362649
37759320000,0.209551956085612,-0.538978548716388,0.457845465461479,0.161158449384272,0.461588332155484,0.130819683078805,0.136881378701373,-0.612745044115309
37846300000,-0.0589978362536035,-0.346769299552058,0.337723342705041,-0.476094881598029,0.307066362322714,-0.47789187063212,-0.0890396340068163,-0.300443596415143
37933280000,0.254518310148467,-0.492679028852831,-0.393842391859241,-0.315907332337528,-0.402819217978799,-0.285321709805098,0.198657662432491,-0.54325749254553
38020260000,-0.137169753124939,-0.486826228418447,-0.463629330765614,0.246112354866629,-0.442350421929179,0.271330704046309,-0.111027453092104,-0.507526643464626
38107240000,0.236456653417991,-0.322121219695897,0.254496950777502,0.489595035388375,0.277980250635179,0.461100625986515,0.119524302736059,-0.441478887334235
38194220000,-0.0113357600585383,-0.601466910076582,0.466196284866704,-0.0474023087854599,0.452413276164032,-0.082946523893382,-0.101822437713858,-0.629519375047822
38281200000,-0.0711396061164038,-0.279577071457945,0.0750836754919689,-0.582784958631924,0.0372490620947932,-0.575415296920621,-0.138879313841317,-0.284947650010111
38368180000,0.0827886166199392,-0.553458807957355,-0.483881117151401,-0.120395022846385,-0.476298735323638,-0.0840665983703071,-0.0182890343082406,-0.600313172220194
38455160000,-0.21979583435234,-0.391578366548274,-0.314357300317143,0.454865570839594,-0.278258083504546,0.46419931851387,-0.28373768446983,-0.36428634555667
38542140000,0.115950522552286,-0.462176935239027,0.438135301151515,0.309690699392104,0.437378995293522,0.276528535058184,0.0408549746915476,-0.508782252311817
38629120000,-0.223532125806388,-0.53821741137467,0.42018725124446,-0.259591160483545,0.392049057516816,-0.273434251782989,-0.309800243366841,-0.504336408814863
38716100000,-0.0279576716881384,-0.286317584703504,-0.256087993830201,-0.534949337427387,-0.268383484448736,-0.510582071424637,-0.0799840789372285,-0.306118278633286
38803080000,-0.131668755060836,-0.580676103613011,-0.477597187869242,0.107233099343226,-0.455790744248014,0.122374045533211,-0.235828427275826,-0.552571545909564
38890060000,-0.265421188091083,-0.293753131842827,-0.0432700242212223,0.573066184624401,-0.016379723157493,0.557034766008721,-0.303914308132971,-0.226109493444694
38977040000,-0.104073980093847,-0.545031766998735,0.507939165566589,0.0596129274951549,0.491860040128066,0.0426711742511308,-0.0838143575034977,-0.529794521347374
39064020000,-0.417486921324082,-0.356967040820802,0.254854753862731,-0.440785396031484,0.236158910200465,-0.422734847288787,-0.450683159239695,-0.389107185128584
39151000000,-0.0588851614284624,-0.321688468717273,-0.489004469772928,-0.313802399225133,-0.4727581525822,-0.303685712262057,-0.129161507414679,-0.347681999087705
39237980000,-0.343995196743846,-0.457841046372413,-0.364319928122976,0.336433569425053,-0.358881305219886,0.315800687588887,-0.454410405771595,-0.408171273787999
39324960000,-0.256424207446303,-0.246870948426504,0.287386776374636,0.44268512099031,0.266770059895041,0.434313370818313,-0.26650350158551,-0.233976027215094
39411940000,-0.342276196086061,-0.339295695735544,0.373733274042936,-0.146106246355361,0.367418956660484,-0.1201240351987,-0.437987746213396,-0.370431333821408
39498920000,-0.234257616858352,-0.160775113849044,0.160407706642965,-0.481115437664886,0.191964906760457,-0.441334476302164,-0.368073795271566,-0.0297263548792675
39585900000,-0.0884623819437479,-0.322908081440446,-0.589074544326101,-0.147537482832632,-0.538849963849784,-0.206132792397523,-0.0901172720457918,-0.243776951614216
39672880000,-0.373730291831606,-0.313644515041699,-0.256851736944742,0.515458401901234,-0.317721258441115,0.448263924358402,-0.443943394307786,-0.229709710513376
39759860000,-0.166839565206345,-0.170778595248506,0.531050456190297,0.370424977515698,0.438010126360635,0.432060184506017,-0.157584715771724,-0.0902634477220615
39846840000,-0.290378009749287,-0.346668993378524,0.411461716456802,-0.427847106394056,0.458558132658132,-0.329849263964597,-0.38962120960745,-0.254002309608565
39933820000,-0.316548213434507,-0.10389246201588,-0.329587196407705,-0.545594700803492,-0.199027538733388,-0.565159314952248,-0.296910250264262,0.0148119457168107
40020800000,-0.168869716765609,-0.286190891463244,-0.574351448512948,0.194598712993354,-0.556160561858284,0.183529583710152,-0.249371646052141,-0.221710340608759
40107780000,-0.358795599537512,-0.123861520356239,0.0332964492134896,0.597472371295044,0.0210799743305566,0.581791196873435,-0.386893432710843,-0.0109800796000164
40194760000,-0.144148486010091,-0.173389937004837,0.63078489676395,0.0547107739140249,0.612795571759538,0.0657094581636794,-0.146574553149227,-0.117148851908411
40281740000,-0.338661996363757,-0.176412341933,0.186213457393395,-0.568725017171353,0.185098598373158,-0.551556472692585,-0.402112687859896,-0.0827499395498069
40368720000,-0.190528182684583,-0.0533956600794019,-0.551536067485336,-0.324336558178264,-0.530998503853848,-0.318203881549107,-0.149578909669873,0.0144369889653443
40455700000,-0.279415251816585,-0.201718011353518,-0.391216784154728,0.461889986899674,-0.377344516603601,0.445776959835265,-0.345890784742774,-0.138189997208734
40542680000,-0.292220381669153,0.0602034344401929,0.343583708521989,0.513052332580419,0.342298039706387,0.496700325761993,-0.299013382409467,0.101570369445354
40629660000,-0.160879500252647,-0.117269546288849,0.581788829687483,-0.266533512316274,0.563359137324866,-0.270453466054609,-0.213182282658846,-0.0459857386136327
40716640000,-0.30018654467226,-0.00236373990460475,-0.126460239387337,-0.605835048116063,-0.138989292487888,-0.588706874237411,-0.321701644043904,0.0820348561756247
40803620000,-0.141985311020555,0.00297983313564565,-0.649503982120306,0.00921471084772149,-0.630635839202464,0.0172801224297839,-0.112484501366988,0.0759241577709331
40890600000,-0.252940364237709,-0.0438997867475631,-0.0991706014654507,0.616889049808721,-0.103406673097145,0.595928159942708,-0.326692899806627,0.0396596545131322
40977580000,-0.172731887027745,0.132864079782915,0.588680850074749,0.249717299851267,0.568476905393421,0.25085351178765,-0.153599603394209,0.192939467261696
41064560000,-0.133527437242829,-0.0868291488587596,0.349696851276823,-0.538360817139124,0.347583981361462,-0.525022324816086,-0.241899937607528,0.0836380930397378
41151540000,-0.258470363535143,0.100168605179691,-0.439593285309577,-0.454042938798268,-0.427183380606503,-0.437613447256415,-0.139896997750869,0.231179768329371
41238520000,-0.0909483274907655,0.0423145131794551,-0.549828621803514,0.346386741035096,-0.53808282341258,0.338882341770291,-0.0570718444594137,0.125861080478369
41325500000,-0.18676367067174,0.055436060398225,0.233305961392225,0.600730129495576,0.230556414397288,0.581210793617877,-0.138352026482656,0.148143396135598
41412480000,-0.141190993898797,0.122765308027071,0.643490407970384,-0.0937123730555644,0.622237769276088,-0.0996287199960289,0.0371159311094719,0.18272869738558
41499460000,-0.113332450843258,0.0222145310110585,0.0283337229582649,-0.652106401501026,0.0195798466427022,-0.639688508229105,-0.106615012554197,0.0817054222979242
41586440000,-0.154385033412488,0.15211665573414,-0.62231422914417,-0.159843291851875,-0.609634579155301,-0.146457208290991,0.0406620660956527,0.214499868767738
41673420000,-0.0431199945408805,0.0551967076033142,-0.290755162151509,0.588838820260742,-0.279442310887548,0.580533805558817,-0.0213693670106135,0.0669725490983073
41760400000,-0.12642840607855,0.098998015161174,0.522002743284046,0.390071492996576,0.511455933580548,0.380584193550616,0.0113105262853932,0.139771976982877
41847380000,-0.0367800601985185,0.0977708262448465,0.495990434079205,-0.433167700977841,0.488743666236052,-0.417309247366334,0.0511073482108029,0.0898944708298568
41934360000,-0.0368625951996515,0.0359242010451264,-0.33413802748589,-0.570487133682145,-0.322269806938816,-0.56194050757,0.0173421811773766,0.0379383866244987
42021340000,-0.0414976771841631,0.105592710268889,-0.620828975712314,0.21629327424222,-0.607084206942946,0.197758040019936,0.0799821881179316,0.10296627096508
42108320000,0.0381735038171787,0.00576009533883156,0.0883444211462761,0.654873404226725,0.0667596929482793,0.63414548456278,0.0548634245387748,0.0142757879349659
42195300000,-0.0279146194000094,0.048099049388345,0.654224482769053,0.0527457163731167,0.639652609648895,0.0467651692960743,0.0579592733606343,0.0613229714158296
42282280000,0.0616895169717228,-0.026368604444166,0.180798141527404,-0.626390414754953,0.169987461093807,-0.619269579775512,0.0720226311730237,0.0679404834975966
42369260000,-0.0176659385067105,-0.0805940301595399,-0.578389968939385,-0.304688312995561,-0.569487229156243,-0.294572355656699,0.12198404736242,-0.0172150505354647
42456240000,0.00590052002246944,0.0186812341639074,-0.410284238532476,0.50700961921829,-0.391993001420217,0.504540727680897,0.0725673707691324,0.0182884058519656
42543220000,0.0560662225598511,-0.13513833381861,0.407881784657473,0.498447785026314,0.407605581550862,0.476002839571086,0.137844298318678,-0.0686068589573609
42630200000,-0.0076004831644308,-0.0377879912708076,0.573438940838517,-0.301233641086284,0.55167608387031,-0.306745326697227,0.0691728609375125,-0.0180061268019034
42717180000,0.112547305014096,-0.183376813567348,-0.179126608675426,-0.59791528251926,-0.194577101943392,-0.583861902994712,0.203947730651829,-0.0306479510231399
42804160000,-0.0593062312483767,-0.175222558108771,-0.625549811465629,0.0359755385244229,-0.617384178326954,0.0513485518011962,0.142158967965526,-0.171816884602214
42891140000,0.0652060476061521,-0.0864756809777671,-0.063331444545641,0.629671664839977,-0.0437958915274916,0.618754668669202,0.128082567772725,-0.0621934718384801
42978120000,0.0407243080677506,-0.294909977627204,0.571436729982864,0.197613565314527,0.567039817064908,0.178670854949337,0.148223672964171,-0.287851748891993
43065100000,-0.0107988676727677,-0.100190499798819,0.312106958570414,-0.547068454288692,0.296477342757804,-0.539390796215125,0.0575502259444075,-0.114767438954386
43152080000,0.121788693791275,-0.32433001647733,-0.446024671063219,-0.38031373275414,-0.445570976914877,-0.359520890910917,0.197450675688304,-0.294152570297583
43239060000,-0.0745357872588325,-0.230464545047606,-0.499127477602598,0.346681292976234,-0.483048926245768,0.353224258437139,-0.0169747121116497,-0.230749588065221
43326040000,0.069634734887946,-0.295714270270058,0.272964215983926,0.519404836763603,0.28287397983811,0.504619727600703,0.178580622386177,-0.186395954495514
43413020000,-0.102246190047234,-0.357038396341909,0.556626826160877,-0.106448038540403,0.539931812100629,-0.130077831172201,0.051050085077963,-0.393273278980689
43500000000,-0.0318901752579626,-0.162062610920726,-0.0245651007032964,-0.599732457151505,-0.0488046469738039,-0.585430355526784,0.0186158057870274,-0.175920188113335
