Freq,reS11,imS11,reS21,imS21,re12,im12,re22,im22
10000000,-0.0152714455688823,0.0134152838472817,1.01680573617689,-0.135418161603154,0.960148983902156,-0.148187584330747,0.023320969390335,0.00684962651486859
96980000,-0.0109075312852195,-0.00934001638658106,0.036525670918703,-0.988428206558275,0.0392958871217098,-0.984084069070732,-0.011476686611391,-0.00786336522589707
183960000,-0.00384674492609496,0.00671859775555446,-0.954792713564583,-0.234939145252538,-0.950909648857629,-0.233751235660882,-0.00258710054027566,0.00670758323774823
270940000,-0.00449230693079078,-0.0071699239850814,-0.422994548183991,0.882360812176824,-0.420866981584506,0.878979405831314,-0.00435931957136358,-0.00869074054187803
357920000,-0.0124669141291725,0.0104261305605101,0.773611753144329,0.591760037226929,0.770820695204258,0.589336141186819,-0.00781608216628907,0.0128439915900908
444900000,0.00442336793683827,0.0016055251035958,0.735686217032163,-0.632852469945485,0.732313977672812,-0.631715656206042,0.00767218198015406,-0.00159871003550573
531880000,-0.018504413075878,0.00837964260755054,-0.466888794891099,-0.847256858603503,-0.465608495103815,-0.843504057421131,-0.0177067850138605,0.0084049999955783
618860000,0.00614677121855199,0.0114176847972335,-0.921716944602949,0.28321418417493,-0.919694691024305,0.278947732553417,0.00979074147844576,0.00829138248795708
705840000,-0.0105581498016599,9.07525907191259E-5,0.0855558277866695,0.958148333773888,0.0847654509328961,0.95470455990116,-0.013272271537788,-0.00129564366626238
792820000,-0.00250124720288265,0.0236235597650805,0.952507732588288,0.116097816002958,0.949247962653623,0.111742886941981,0.00442618139451181,0.0226068305274514
879800000,0.00490160179690272,0.00112620011246267,0.304903818966092,-0.907538258056288,0.307893450303643,-0.902478287067746,0.0039979990901174,-0.00739130338557359
966780000,-0.0129340862707282,0.0220210547223873,-0.821727940423014,-0.485214641178316,-0.817816143880923,-0.484771217266148,-0.0116119343255903,0.0202374841820636
1053760000,0.015436512618085,0.0143113650554885,-0.644711648379958,0.701040403687269,-0.640788646468538,0.69928431070028,0.0176883847718271,0.00546431371191789
1140740000,-0.0128907388350698,0.00869548185646379,0.554383511665415,0.771801405764198,0.548630943952616,0.771490640018854,-0.0145260673144966,0.00663193047227223
1227720000,0.0101878822047149,0.0269120905302524,0.868816844871782,-0.379875917220496,0.865760866918847,-0.377297154699511,0.0169751199690305,0.0199070864362714
1314700000,2.88237229346539E-5,0.00360622057623145,-0.191912382268168,-0.926773507789801,-0.19061873918111,-0.923526654571151,-0.00594952000702152,-0.0082244464407447
1401680000,0.00177568553580326,0.0306574027487977,-0.944269891805889,-0.00222582987294158,-0.94078809134623,-0.00557115570901122,0.00616330342182867,0.0273710907194883
1488660000,0.0162719772411347,0.00523355860133636,-0.198248116037328,0.921939695248784,-0.198886743081076,0.918120336373368,0.0124334245018715,-0.011505109324146
1575640000,-0.00843934880273732,0.023136622347517,0.860052611006809,0.382203850257171,0.854627612858291,0.385223346579744,-0.010659925309651,0.0207431160059136
1662620000,0.0254815705044319,0.0192180836312605,0.551850468306105,-0.760511575596199,0.552982245916875,-0.754897142654535,0.0246885364259495,0.00626704923069233
1749600000,-0.00503584981476779,0.00879022352422382,-0.629492254960131,-0.695082007978246,-0.623665804730381,-0.69623018660961,-0.0137448726293926,0.00305047990624598
1836580000,0.0181310282462871,0.0328266537617688,-0.809687158845885,0.472140181751768,-0.807962704204725,0.463909762912418,0.0196225971599193,0.0252347087700462
1923560000,0.0084833434679201,0.00417415386957881,0.293800977246648,0.888970355588414,0.287380191914289,0.884493492269507,-0.00344147160142804,-0.0107273113186993
2010540000,0.00661563858076747,0.0357042340968757,0.928347297288346,-0.104635199394235,0.922716557874803,-0.0970906777440745,0.00126657508151287,0.0334697005240033
2097520000,0.0246175545003828,0.00782730424497608,0.0923065720117026,-0.927666357975616,0.0966112379278265,-0.922936416834799,0.0157908618864977,-0.00895132594924966
2184500000,-0.00382319979513655,0.0259146559106136,-0.886749241314114,-0.281849188961949,-0.882720337357098,-0.284559063370441,-0.0145978608778977,0.0242698896693146
2271480000,0.0322154489568326,0.0217597336737326,-0.459805039649005,0.807520958959324,-0.45995848273078,0.802517448656831,0.029142327784355,0.00741658623277278
2358460000,-0.00298109636259837,0.0139066945275226,0.695312331189227,0.614251222441642,0.689435362233082,0.614707417845264,-0.0186741391793166,0.00659052235684114
2445440000,0.0305711891560759,0.0320379516661566,0.745283703777858,-0.549731228768153,0.743548514325597,-0.544058341840513,0.0214290785028575,0.0330357409838189
2532420000,0.0106320154275795,0.00193708705868535,-0.383318210158908,-0.841868258588834,-0.37803094384286,-0.839719716988118,-0.00235014872051604,-0.00540752006213328
2619400000,0.0132632879811073,0.0372416552394912,-0.901173545093773,0.199814291259069,-0.898756375439089,0.195308705917837,0.00213406333163384,0.0396840292914579
2706380000,0.0328541540403598,0.005678421334126,0.00922492367311609,0.922971298280958,0.00376699408155453,0.918690521427903,0.0212884115610355,-0.00329520642186859
2793360000,2.11231068642279E-4,0.0315494829543109,0.90328935633765,0.181157975842249,0.898495071679116,0.185037089490388,-0.0157676513385333,0.0321414461592672
2880340000,0.0485344665496568,0.0177032424347193,0.364737910507278,-0.844779881431471,0.366549982602548,-0.837950989202723,0.0361031581966258,0.0220759983915382
2967320000,-0.00316270341183875,0.00808047803423043,-0.749687095269549,-0.529736989440585,-0.742205310754464,-0.533415865979848,-0.0113306717250045,0.0116860533242737
3054300000,0.0426136970817056,0.0339146031755369,-0.672108977222721,0.621049410797806,-0.674901560940908,0.613782154701732,0.0269997610413183,0.0427579282747638
3141280000,0.0121677641355129,-0.00989370358537822,0.469086249251562,0.787779682017823,0.459394183876019,0.788427072268284,0.00549736924650002,7.26623594280947E-4
3228260000,0.0232593867201552,0.0453407480413731,0.865482344655013,-0.295834278572795,0.866388135999351,-0.28604150657315,0.0124790128171316,0.0539185721643383
3315240000,0.042462625228242,-0.00505222015590246,-0.109379298834881,-0.907640336096065,-0.0984900308274678,-0.905226661892633,0.0322865961295655,0.00218056111823619
3402220000,0.00152950294267639,0.0310418202354206,-0.909592407387388,-0.0788110426076294,-0.904107795731024,-0.0904100055712611,-0.00521557927695884,0.0390676722466587
3489200000,0.0670153113811347,0.0121535715004272,-0.26831641768797,0.870152062096073,-0.276755925518023,0.863036205994566,0.0526113672275109,0.0305064989254361
3576180000,-0.00419156541522916,-0.00523664375760079,0.796493099820322,0.44356920123594,0.788417776153076,0.449013879929645,0.00540177443526823,0.0125840095019536
3663160000,0.0649425128563231,0.0414306484518265,0.594756017901796,-0.685625584376782,0.600869651083979,-0.6750636289951,0.0504144933559859,0.0568600719546958
3750140000,0.0213487604488925,-0.0333055215081884,-0.545557041318997,-0.726894077834179,-0.53629672233395,-0.729098104431486,0.0359317731325388,-0.0017480125950414
3837120000,0.0283430275692478,0.047523241057572,-0.821770763836623,0.382947389751211,-0.820528156893703,0.375908702724562,0.0289743314841031,0.0538490467518956
3924100000,0.0592486748428814,-0.0290144774416931,0.201277854863719,0.882734121237772,0.193289728363345,0.88006502881242,0.0613878818339178,0.00496707728316019
4011080000,-0.0095039807262959,0.0222750808208278,0.905914728822025,-0.015739790022029,0.901306602495236,-0.00885922227112423,0.0191845710860229,0.0308013528847754
4098060000,0.0880064610001497,0.006703093747848,0.174875367839667,-0.885618348387273,0.178345928488459,-0.880471802929462,0.081563653914042,0.0250407404877938
4185040000,-0.00882909235452682,-0.0250556646827038,-0.832753053105966,-0.354025626416061,-0.826588176646259,-0.35833064787484,0.0301415714532418,7.48304475438097E-4
4272020000,0.0776157294733456,0.0427301435373603,-0.515110550710471,0.738010175246431,-0.516844373172803,0.732211157815252,0.0738914543608965,0.049196622448473
4359000000,0.025837800394356,-0.065252186492131,0.612662884089277,0.660274726380574,0.607216521738025,0.660105259092223,0.0684604920168854,-0.0108555657266607
4445980000,0.0183973025556967,0.053132156884504,0.769764300229725,-0.465632955252874,0.769424380918021,-0.458646421246558,0.0559466655125784,0.0360359658837425
4532960000,0.0780603580865474,-0.0523978560002511,-0.291183600154437,-0.848158986841921,-0.284162495818454,-0.846365212005319,0.0955650677395408,-0.00687704791212419
4619940000,-0.0288959305121572,0.0187812455789651,-0.891667331623177,0.11288725825794,-0.888965335208151,0.104657761949918,0.0485109936244603,0.014620324471796
4706920000,0.114644711605913,0.00356501083686705,-0.0747464945741843,0.88921504436717,-0.0836583213226968,0.88541158958253,0.119161962171802,0.00649949203380144
4793900000,-0.0275930863719483,-0.0572878593494689,0.85582907456,0.264881709587576,0.85254820699266,0.265171393106887,0.0632621224314391,-0.0270355614459194
4880880000,0.0762351808340868,0.0633785029709683,0.43149770884374,-0.780364105157465,0.429820109209994,-0.77684623503277,0.108026339032144,0.0116979307271131
4967860000,0.0368601098442375,-0.0961818439750254,-0.668646601867203,-0.589105448852843,-0.667897844227625,-0.583847437564926,0.0956031822154343,-0.0526012236085276
5054840000,-4.47312763582869E-4,0.0594084311857429,-0.708422028239274,0.541072995719537,-0.713238885506285,0.531557078885346,0.0811025756244449,-0.00360161532467536
5141820000,0.102913991399947,-0.0661393841757445,0.374553171617171,0.803228798676956,0.368879134990232,0.803683230438325,0.121632037613062,-0.0506502859463161
5228800000,-0.0566970683137625,-0.0103313955115696,0.868021249672809,-0.199149802090023,0.866083399117964,-0.197854391613803,0.0696535775363188,-0.0457681925468844
5315780000,0.120762543448496,0.0202265999175349,-0.018375919897311,-0.883474734607391,-0.0131846049220801,-0.882741617088085,0.126881370046691,-0.0518165092149918
5402760000,-0.0276219430597728,-0.0986559938632837,-0.869048302743445,-0.172273268038282,-0.867069101897519,-0.173193274228646,0.068471051485733,-0.0952470486370587
5489740000,0.0629871189898099,0.0750441731386137,-0.34455843163396,0.814881528461452,-0.339544445780673,0.814451947911136,0.104625019155545,-0.0451803459399409
5576720000,0.0480673468239433,-0.117722563151331,0.720044458151657,0.508723117272978,0.720348575124442,0.503649384553405,0.0912500796830302,-0.111312606358508
5663700000,-0.0323411574950012,0.0567885580711922,0.64748627663836,-0.603376434530785,0.643135313122521,-0.605838309529971,0.0717026404677282,-0.0672519832589485
5750680000,0.120624240521949,-0.060641995800646,-0.450427447876363,-0.753771442384616,-0.457264937418945,-0.747944559087219,0.104566716442338,-0.113657117384324
5837660000,-0.0803361724586081,-0.047148626991578,-0.835627738692097,0.281376931724437,-0.830955502003578,0.290205640145193,0.0452160137633007,-0.117231747470095
5924640000,0.108636664187373,0.037723430253914,0.107372176518038,0.872146879805168,0.11728781036754,0.868297389277032,0.087884248880037,-0.110832643331805
6011620000,-0.0252322035481363,-0.131976028943375,0.87241890177768,0.0821583325083341,0.871036431824898,0.0716228838316807,0.037689089495961,-0.153138938049995
6098600000,0.021408014935194,0.0803030772258589,0.25520559379328,-0.841284082318504,0.248655111406059,-0.840713760372481,0.0532283577542023,-0.108506172293666
6185580000,0.074349549737683,-0.13105964275189,-0.763640823994506,-0.419649527185749,-0.762048910974677,-0.41889568956707,0.0447691883361076,-0.171794640240366
6272560000,-0.0869462537516976,0.0155867049813604,-0.575625039383464,0.661062251421012,-0.573421565998879,0.661117905595647,-0.00515919583318634,-0.135577130433744
6359540000,0.113169335398101,-0.0335468233592626,0.528793548620974,0.693039317619752,0.529857458267541,0.689910146409682,0.0362866802915404,-0.15023284382675
6446520000,-0.0984556951572732,-0.0941793007899851,0.786401538875671,-0.369290804496738,0.787302022802053,-0.36347589971054,-0.0253571225730257,-0.171238946848308
6533500000,0.0563717241546679,0.0639605502572285,-0.202300531409216,-0.847430871131552,-0.19902250659993,-0.846762437259785,-0.00379881714516974,-0.137577566532952
6620480000,-0.0133104787033634,-0.155227348573886,-0.865004341449615,0.0192246327069556,-0.862137071705894,0.0188034045600454,-0.0278523456566993,-0.185338274888367
6707460000,-0.0575885705229787,0.0801007732824037,-0.159588603009271,0.855169879686652,-0.164232969821847,0.852533420986846,-0.046715785483451,-0.153140787826233
6794440000,0.0926265009722987,-0.109074206340435,0.800027321282836,0.323900038511363,0.796968968224991,0.331317870666648,-0.0440492457524391,-0.186534410224936
6881420000,-0.13928251544024,-0.0248362914871796,0.488494651352488,-0.711984850062082,0.496972590713561,-0.706428243060744,-0.104862496726568,-0.16854943391431
6968400000,0.0959854154852419,0.015967552330231,-0.599982940531955,-0.625550220088592,-0.597100246525384,-0.624802687883415,-0.0732036499873087,-0.151752215279075
7055380000,-0.106456593248912,-0.138867821917295,-0.729029411756528,0.452422116186081,-0.731362635844763,0.44373087280617,-0.128042872938058,-0.185812086991119
7142360000,-0.00315755825321289,0.101032973323874,0.296056605761767,0.811839010189019,0.28291755273293,0.815034402216546,-0.121256232702007,-0.128288280412578
7229340000,0.0147222838882459,-0.164961870886656,0.846170597497865,-0.125360817859041,0.847006369076061,-0.11417010368961,-0.13683807977853,-0.179956393437759
7316320000,-0.146848195766181,0.0586585187700547,0.0629386990353547,-0.853464546761874,0.0716844174131399,-0.851878025114499,-0.190278787607277,-0.122837516133019
7403300000,0.108383001168912,-0.0412518123498153,-0.825999110466617,-0.230903851443273,-0.82284316401126,-0.239004980776545,-0.161639985467131,-0.122722600741715
7490280000,-0.166703663789744,-0.0788011321606046,-0.396981323142612,0.750463482747969,-0.403667504858414,0.745554376025326,-0.217293614237755,-0.114848940725742
7577260000,0.050875893186528,0.0933607811077563,0.657378168327953,0.547607883488541,0.649167950013355,0.554154036844251,-0.188806096582652,-0.0672406327588968
7664240000,-0.0734110210482142,-0.166449338267302,0.662314734158957,-0.527325001882826,0.665493509717919,-0.519116896353089,-0.221161405229119,-0.107839194633164
7751220000,-0.0946980462612414,0.126177964692708,-0.371581428718636,-0.762900029818173,-0.362930341287027,-0.765236389207531,-0.230228430285009,-0.0271287972299867
7838200000,0.0640277091436905,-0.117285790663555,-0.820677927061475,0.216377171244302,-0.822694777180772,0.205025091775497,-0.207989971742706,-0.0624557686907744
7925180000,-0.191766638248074,0.0282316424091546,0.0365765181328566,0.839018020329206,0.0221924045792339,0.83876901693722,-0.256977420697678,-0.0132370498259898
8012160000,0.121607193404975,0.0194754376652841,0.833994151827133,0.135176557426276,0.830028821885222,0.149512394589689,-0.219353707782057,-0.0136676458692189
8099140000,-0.175521777642868,-0.136565026327079,0.30162035206359,-0.772961436009703,0.310101425983598,-0.766765980222884,-0.282982688718084,0.00477957645095391
8186120000,-0.0157042974504853,0.154574252609975,-0.694772555425471,-0.4689535352628,-0.68524238934505,-0.478977231386164,-0.226849140436794,0.0758007796608985
8273100000,-0.0215265781921216,-0.174552383154271,-0.586427621521074,0.592449777292048,-0.599539433310662,0.578269922987123,-0.245417746471717,0.0199642122915485
8360080000,-0.187943024485631,0.129697299308337,0.437617479424543,0.697714678036836,0.424700848368381,0.705710725883903,-0.260956351416907,0.119499398494597
8447060000,0.110223316545294,-0.0591477109605779,0.783967808121935,-0.292206997714292,0.784244923131701,-0.287262729860086,-0.203926536159083,0.0782826490341447
8534040000,-0.261928870450049,-0.0246754747391313,-0.11965055527501,-0.803974836971036,-0.11217404878346,-0.803578703890069,-0.278088280460646,0.139037414136366
8621020000,0.0686650139160429,0.134730239348038,-0.827117285278473,-0.0616169791594366,-0.824107155932164,-0.0739444082920912,-0.17238354145031,0.163991921190668
8708000000,-0.166134357875597,-0.151771998277966,-0.209455945429626,0.788599945517644,-0.214027274132421,0.785991551188173,-0.253827786956743,0.12170811695979
8794980000,-0.113312214529448,0.231809933458185,0.704900218196675,0.392296948777528,0.704127716529577,0.392360977148021,-0.196214692216705,0.250398497045312
8881960000,0.0508680406809201,-0.108378352471078,0.531480347717114,-0.635159801065855,0.533439056102224,-0.632995313689817,-0.151854276158325,0.153703820949282
8968940000,-0.255740113958907,0.13309361757093,-0.493583066312998,-0.628581023595743,-0.48703343366602,-0.63368754259544,-0.212131467859277,0.259428586824528
9055920000,0.146409659666729,0.0772380768665403,-0.743696031484724,0.346057314938997,-0.743925399587476,0.343418685208979,-0.0967278147946159,0.232562430565619
9142900000,-0.251773304393928,-0.0558614716310008,0.195163602833667,0.780795142689118,0.205195135717356,0.775844056695992,-0.189291605462091,0.247019574105129
9229880000,0.0162637349448374,0.254450670340415,0.802999347909093,0.00219832755187736,0.80299074373177,-0.00845359414449009,-0.066163974201526,0.31405563467183
9316860000,-0.0634198223725624,-0.135122594983236,0.145701847492221,-0.809173567140668,0.139626397453779,-0.810263382633537,-0.111469114718548,0.21594632953179
9403840000,-0.175158740236465,0.251655615166869,-0.727722935371616,-0.31188084674691,-0.731673931224649,-0.303362435678484,-0.0826895434931246,0.355365958247103
9490820000,0.129127651433121,-0.0132170084069853,-0.478977275640883,0.670774718908089,-0.472340303960696,0.674068633272272,-0.0017204705519317,0.235399556291302
9577800000,-0.280524592922948,0.099000616564715,0.556638881278049,0.567872439219473,0.555218917760883,0.566398022087176,-0.0891633550043491,0.3446692091984
9664780000,0.135077096242906,0.204737840803033,0.695481369010025,-0.403321978932347,0.695884516559443,-0.399398835486794,0.0738214366154481,0.303996680028667
9751760000,-0.201463191149883,-0.075773124072474,-0.290785855107402,-0.756318088553668,-0.284365493912598,-0.755687688127455,-0.0555925546571294,0.292463625624915
9838740000,-0.0362802710320006,0.331198946341824,-0.775193376125498,0.0917702138007771,-0.770866586815743,0.0857645917312412,0.0956818275577389,0.374138121963899
9925720000,0.0340023152716563,-0.0973359429761161,-0.0646835928060392,0.820808656859915,-0.0690346988954701,0.81339534221723,0.0532149745047042,0.230592929889762
10012700000,-0.217076301978228,0.280018139064056,0.738926977157588,0.218203855585207,0.740742767087986,0.200473294280268,0.0671387315895341,0.396336937228268
10099680000,0.213186869533556,0.0972376859481194,0.4194498279856,-0.679818958263762,0.397933222891887,-0.688104201671181,0.196603443981193,0.247723328251662
10186660000,-0.263845515512673,0.0690513399992749,-0.605227940469438,-0.510810786121,-0.616887465086905,-0.491169380519051,0.0615150285881693,0.325902068942823
10273640000,0.132946649111235,0.30722612638567,-0.637183569528585,0.434788506172851,-0.620737983954554,0.453111311831679,0.257594527643533,0.289765517526378
10360620000,-0.0954825436820162,-0.0914194985188469,0.333566164006949,0.739559740026291,0.362000996827434,0.72482593564794,0.107757286332423,0.221485958704344
10447600000,-0.0696002465744114,0.364769427047278,0.740980789931343,-0.151540717886599,0.732362566905964,-0.183713567517069,0.256328418056458,0.323535295354693
10534580000,0.159887228899144,-0.0355878196949246,0.0268962267031583,-0.803687648978695,0.00371697778012862,-0.800951540261414,0.227882589654787,0.145352545107896
10621560000,-0.23658095317802,0.235013845691359,-0.755909980116831,-0.141465566783762,-0.756725784809776,-0.119611032059139,0.216244561877043,0.298768495629206
10708540000,0.23926724688223,0.21590354637932,-0.354208254281404,0.683570062209945,-0.332206706482137,0.690657794230923,0.352666591625537,0.127898459036063
10795520000,-0.165208881880014,0.0281050400335741,0.6552783883753,0.469501942734785,0.666129869103084,0.450130081688133,0.145725974248837,0.177457113577924
10882500000,0.116949437522916,0.350509678165735,0.578950915799999,-0.484666347578264,0.55625295019188,-0.509475677420594,0.364898843245422,0.172399865162682
10969480000,0.0445280824502552,-0.0726041823073764,-0.375064919840338,-0.719818322238288,-0.410089506351325,-0.699014843771801,0.195166179381274,0.0540507271222088
11056460000,-0.0819404231626795,0.340886076079925,-0.721626147741244,0.240715844707366,-0.713613829403691,0.260053630099392,0.324830930797998,0.190873106347358
11143440000,0.24962422945611,0.0501724538858075,0.0313105249118124,0.784451207527829,0.0556978061641261,0.780017052821522,0.310680229702025,-0.010317847407073
11230420000,-0.185671884076019,0.156421196831913,0.784241913872378,0.0787690027457429,0.783759763275446,0.0468396034798461,0.244040009696183,0.141198759051978
11317400000,0.240233388151684,0.257304624922611,0.268971228783064,-0.708658600891221,0.254289319515223,-0.711560459829304,0.387010259082134,-0.0109817509095545
11404380000,-0.0726552606570557,-0.0264479399696173,-0.694975711585375,-0.415730875919106,-0.699970210099915,-0.403174917526507,0.175727484991035,0.0299067036534884
11491360000,0.0810640599825449,0.365566967807174,-0.513074827177693,0.546567819891442,-0.494790896045294,0.561515480341487,0.39764363704365,0.0229094122390453
11578340000,0.173073676446621,-0.0303469504025736,0.420086022144896,0.677778053065397,0.446951537445833,0.658033636403517,0.203884773076694,-0.120268029738917
11665320000,-0.0899994142868731,0.287325784531822,0.704171472596864,-0.318160029613476,0.690750039500281,-0.335138969735534,0.321484327069317,0.0404358915069615
11752300000,0.296486666138984,0.141887025664789,-0.109087745870308,-0.754666861400155,-0.119049552155569,-0.748721104383436,0.299751155090097,-0.188955196791797
11839280000,-0.0986893275115666,0.0787748881095512,-0.803796861394298,-0.0111589040528324,-0.798755535332371,0.00704879568590941,0.186496271870444,-0.011951096189073
11926260000,0.23747502893057,0.304367427118854,-0.184031994222693,0.720513203543524,-0.163090711475017,0.72212432695365,0.36445636594794,-0.173029344470289
12013240000,0.115271455709636,-0.0669225113650972,0.707507331320941,0.374123364291993,0.711902072534179,0.363461848578291,0.0951209352798399,-0.180014032840317
12100220000,0.0439662707917245,0.298749981739196,0.460740731028016,-0.618746381576528,0.448151268423521,-0.622662721876502,0.301772033170078,-0.119945487275443
12187200000,0.278579901419824,0.0261093767692404,-0.470578565928263,-0.616652356478418,-0.481794512090568,-0.601310718494553,0.105032938369858,-0.279736655225318
12274180000,-0.0440274506738969,0.145228938005484,-0.702674479662367,0.386274290780134,-0.692994921554133,0.394462851823503,0.166727419760593,-0.075798891600416
12361160000,0.279986914970362,0.167532437498974,0.202524875495841,0.737133601643603,0.203682107466854,0.732015418302945,0.161063115642415,-0.285977971132185
12448140000,0.046436142273873,-0.00371327149864069,0.809825111478513,-0.045474407015468,0.806999004057759,-0.0569524444465257,0.00919041687868617,-0.098210102898621
12535120000,0.183856276649279,0.229404758136349,0.0979424113453007,-0.767750741885408,0.084575165138046,-0.768253682014477,0.202919373227433,-0.201939820487217
12622100000,0.184125126579058,-0.0557293571974755,-0.74035751507137,-0.289872358259457,-0.737753506633322,-0.283404756321994,-0.0416481973001404,-0.204870451435554
12709080000,0.0355078575936891,0.199528350593674,-0.400684348024348,0.684655331434188,-0.399430542595794,0.681947505084835,0.150106390096805,-0.126675402245105
12796060000,0.275004662020023,0.0609223573888564,0.549391596771173,0.548364175085825,0.548686038099308,0.542076351661281,-0.0451449548411537,-0.267184834290552
12883040000,0.0452413002851674,0.0629413063629529,0.669347290163062,-0.455310160638286,0.660874399994884,-0.462510480859157,0.0276014522120909,-0.0270009101515445
12970020000,0.243706382090766,0.129462406792404,-0.300041083516125,-0.716760589916667,-0.301346580066997,-0.714100765518023,0.0519472609940258,-0.241044482920246
13057000000,0.113374069378323,-0.0423562749765177,-0.791661401750834,0.136984986212307,-0.788284008766848,0.134119065266794,-0.0867527265224405,-0.0654483146100791
13143980000,0.122365073838687,0.171147120677439,-0.00933638770632488,0.789273546217316,0.00317177241717381,0.786417312206735,0.0769623926290288,-0.162890364170986
13230960000,0.232172572006692,-0.0116631281251313,0.760517456593077,0.200068502205395,0.76030580854307,0.188074953332743,-0.153246573523611,-0.121834640875829
13317940000,0.073942315539017,0.0861606810084605,0.334018446265448,-0.730806847953593,0.332242985796845,-0.72675920128408,0.0602097181027232,-0.027671757579836
13404920000,0.252948522067765,0.0513682548446997,-0.622463606623703,-0.469036597600169,-0.619083933646474,-0.466903486196642,-0.10727243420839,-0.184465458660405
13491900000,0.108361766424547,-0.0284701649198544,-0.611912663088896,0.517352718558166,-0.60308142413658,0.520682245482051,-0.0534053151401062,0.0458876123937067
13578880000,0.167553040494758,0.102298527416551,0.390644185280212,0.683722039626647,0.397328077913139,0.675835851055411,-0.0309611758137692,-0.147769885199948
13665860000,0.208927593037063,-0.0537112873972434,0.753053295862745,-0.222263267823557,0.750518522933126,-0.222008038263601,-0.165693809811256,0.0403935234120943
13752840000,0.0543529119234677,0.028315084569597,-0.0742779796768204,-0.797520739566929,-0.0798332362338099,-0.793157399101468,0.00828103192197245,-0.0091818793859687
13839820000,0.210277360002202,0.0439827675122815,-0.778391703443272,-0.0886202191769333,-0.776727056377927,-0.0774072649250565,-0.165849865446235,0.0314980964805369
13926800000,0.112409216544785,-0.0488701938884685,-0.259402962211629,0.752004646890339,-0.253379335587031,0.748994905026466,0.0273783043642116,0.112958690480645
14013780000,0.128108401556635,0.0602941582253674,0.689652245091748,0.38834761352284,0.684687301352089,0.388638229788,-0.091221417957317,-0.0111668713351479
14100760000,0.181849219054571,-0.0415052833330392,0.530965304850064,-0.576903258542437,0.52230174217581,-0.581732059277266,-0.0134877240476414,0.168353989652317
14187740000,0.0458284049665739,0.0324027924912643,-0.46920107711734,-0.642589445200714,-0.477559935751884,-0.630322187793456,-0.0104715228211743,0.0182273198942322
14274720000,0.217890869685907,0.0526975337072264,-0.704646564912752,0.319359154037272,-0.695266806687356,0.331120941733385,-0.0404571335619991,0.196262453817243
14361700000,0.0829252800684828,-0.0613289233922865,0.160184329394248,0.772918080996383,0.167526727446786,0.766670277877392,0.0952687472655884,0.0873583807716852
14448680000,0.129028903445616,0.109076889356798,0.779542083468784,-0.0163254682561397,0.77357012400891,-0.0285872023871401,-0.0336064606996888,0.1463458785802
14535660000,0.198179044113776,-0.0544230196906489,0.166949111697977,-0.753824204642653,0.151060846646359,-0.754820552732129,0.164977868819773,0.159256370051224
14622640000,0.0633051532373327,0.0568326324908245,-0.724395554554527,-0.305214635001677,-0.724671580142586,-0.29201640045998,0.00353446213449875,0.0568494777217889
14709620000,0.26760822103781,-0.00727272870031741,-0.437459357841058,0.616317234773485,-0.423290650193783,0.619474025506932,0.140521876039053,0.237779053260688
14796600000,0.0310289149865035,-0.0608044261489448,0.524115073593332,0.580671709817146,0.530153979791399,0.567355578728712,0.122937397248059,0.0464567440852394
14883580000,0.203661480643285,0.0932052516039339,0.646555486712224,-0.399221844275917,0.633449185714223,-0.408057698811709,0.111523775364283,0.206453121790984
14970560000,0.122452290401213,-0.139303233143963,-0.231577920436628,-0.729206589983169,-0.244891197333267,-0.720451263096468,0.222454772843308,0.0873236821440691
15057540000,0.0381600717756415,0.134687729144123,-0.759314248689994,0.108439043882152,-0.753396000481734,0.118157366917629,0.139465352905198,0.130371024332975
15144520000,0.265995762346186,-0.0748668780707857,-0.0766052021400737,0.738558962666124,-0.0583993120055427,0.734636446863431,0.295204947271676,0.118693630481668
15231500000,-0.042572953737635,0.0109525044511254,0.73727165885208,0.223232544054368,0.735861563916925,0.206402599430804,0.166258944809758,0.029689759387569
15318480000,0.275010191136358,0.0690192826044068,0.350128706242843,-0.645680900957013,0.335265639228252,-0.645670695807071,0.297881200716304,0.134976020306051
15405460000,0.0326933217126861,-0.121436875555768,-0.565778925414423,-0.508447210096515,-0.573665239996273,-0.491314548168373,0.221485360419271,-0.039709986015594
15492440000,0.171067507820858,0.180419734152132,-0.575891510549681,0.458610252173399,-0.561190030124024,0.47233743300867,0.273123155590443,0.119347043750328
15579420000,0.221146113153476,-0.17188833721272,0.286414991888179,0.670595373687636,0.305192696101358,0.658145259169948,0.335512307557356,-0.0539028724586388
15666400000,-0.0492235831996541,0.13221261546065,0.728280380712187,-0.180282566243224,0.718632814529615,-0.20041335637192,0.256187499400588,0.00867930123373762
15753380000,0.360864315314012,-0.0171423502343761,-0.0028761666574927,-0.702764183292833,-0.0192822926916131,-0.696915923837821,0.398132650395363,-0.0559680873796147
15840360000,-0.0393353816907119,-0.111700573503006,-0.733109788729659,-0.165564740758744,-0.731295388157677,-0.148031948068468,0.223215939623948,-0.144386641905526
15927340000,0.279653417402526,0.121790664687614,-0.266381442174917,0.665335582678922,-0.252301985820851,0.667283377884063,0.355514927116718,-0.0189588368356496
16014320000,0.126672887344059,-0.249445560907497,0.572938947346925,0.440846488777987,0.576063079833665,0.431782869409136,0.281482622127182,-0.229024059292343
16101300000,0.0282522080853079,0.156487209714528,0.539471618359853,-0.512608212138028,0.529074155255529,-0.519575861608542,0.261203685836499,-0.0925001828232594
16188280000,0.268051752572286,-0.167405320381034,-0.354716679497091,-0.620480013254768,-0.365719542322492,-0.61108581048265,0.302338251582295,-0.212526964258523
16275260000,-0.12987123746746,0.0686723162615182,-0.699504146061999,0.244890892349779,-0.690986472443801,0.258192031255599,0.240585988367366,-0.159069250568327
16362240000,0.366133348475932,0.0535999794544214,0.0865158109759337,0.684213809356115,0.0947751221232416,0.680414970973104,0.341423037939412,-0.239866053663458
16449220000,0.00470876448558572,-0.17848198272202,0.73177414524216,0.0931501566277946,0.727790911677486,0.0875710644894295,0.142062202805388,-0.273863321254407
16536200000,0.24082025351879,0.145337617185204,0.180630240568374,-0.690778219490771,0.175670662102205,-0.688721999060217,0.305534279628664,-0.155245860377344
16623180000,0.180458114367881,-0.284651040380349,-0.599383825957313,-0.361549476598605,-0.598865289105003,-0.357112507192764,0.212641092441194,-0.344369518329098
16710160000,-0.0382259140602644,0.180256616527182,-0.467677172804467,0.559581170212622,-0.461653464628727,0.559822833855299,0.225020007762087,-0.21899671901437
16797140000,0.379043858786004,-0.144901033998091,0.396294023820905,0.547281047666112,0.402823147908402,0.537762160987495,0.229248878573886,-0.374631201160777
16884120000,-0.117391256752216,-0.0652526743382385,0.675420910149273,-0.289217260016976,0.665525665691888,-0.298992077896742,0.0979114494270006,-0.284375616700714
16971100000,0.363076473534167,0.0268618659812247,-0.170748959877454,-0.660742300829803,-0.180448896071093,-0.65113995185356,0.254720831220499,-0.323057381046482
17058080000,0.00592154307137079,-0.296820458812362,-0.698556200636901,-0.0256750691904286,-0.693832202518045,-0.0200296432711086,0.0741039725875033,-0.404730562959729
17145060000,0.13184036340305,0.207509022815708,-0.117951795180296,0.697160531873295,-0.110330418362838,0.693046841206015,0.180145011147037,-0.312924065891521
17232040000,0.282307297994087,-0.284248012175244,0.603508532310132,0.292218949024081,0.60415316155755,0.280069654223778,0.0521413823018774,-0.459178139133732
17319020000,-0.114105310567774,0.103315255150047,0.423821306144266,-0.587185417857912,0.409761406985651,-0.589058652384185,0.062644973344693,-0.309278653147871
17406000000,0.413801869167631,-0.104660697832677,-0.443801583160078,-0.486589765666318,-0.447546239494773,-0.471569305099522,0.0646445736743296,-0.459677786029935
17492980000,-0.12088912613083,-0.178906750865582,-0.631337897002355,0.322734874322766,-0.616105215790385,0.336214571369685,-0.0642579569727575,-0.359057431595606
17579960000,0.336139374844757,0.147106005616493,0.22680596551892,0.628562840678782,0.240171795852021,0.617676269883952,0.0367037387740116,-0.428981396801096
17666940000,0.218212422859544,-0.348540174630692,0.660061267960958,-0.00503151617168486,0.654121241334172,-0.0236435908993427,-0.207762301805048,-0.42343759872947
17753920000,0.0436339856644952,0.0855893442247575,0.0934003996953106,-0.725982982166758,0.0711043639112916,-0.723354351477973,-0.0372347664927439,-0.238226936059081
17840900000,0.319635743079719,-0.283303669839904,-0.624482585476538,-0.22614080825964,-0.623344010593413,-0.205800055994358,-0.123148494691276,-0.429218345044951
17927880000,-0.138603766693799,-0.0613480804367337,-0.392773964800378,0.608317004670879,-0.376635783171214,0.609625779643309,-0.149941002218462,-0.243742303744958
18014860000,0.395536349575945,-0.0849847088549286,0.503411142511747,0.433167074506481,0.50399595626318,0.425479434642466,-0.102305288960087,-0.414358012837711
18101840000,-0.046151553255908,-0.358530768637315,0.580072042448981,-0.340693092924523,0.569495072903273,-0.347586694640636,-0.294793772734918,-0.296463428580107
18188820000,0.134719403529724,0.115477382956601,-0.271113810072433,-0.662651397495377,-0.292620928996959,-0.648162456573076,-0.138652805581762,-0.258326600510635
18275800000,0.192341689001511,-0.342214789806168,-0.667331239900433,0.0855694900871066,-0.655372246583895,0.121041061900133,-0.298396282737421,-0.274689862619248
18362780000,-0.0781807684592474,0.0196166182505976,-0.0571469187174007,0.73236884983061,-0.00666495320758296,0.72758564764254,-0.171847694579009,-0.130280851375173
18449760000,0.279424822212539,-0.228709013037752,0.665842469064171,0.1674327595949,0.671206148983805,0.117482965505337,-0.211531413987854,-0.286775838171452
18536740000,-0.172376448081636,-0.148523191568776,0.343653388108595,-0.622678869616239,0.298852024289024,-0.640230049729171,-0.260064568504072,-0.1374167496991
18623720000,0.281343240789908,0.0105963260307194,-0.557374150153501,-0.417913317657772,-0.581271824637286,-0.375542050757281,-0.203289750627475,-0.251833092141551
18710700000,-8.88907291078232E-4,-0.363357890952065,-0.541229537893902,0.404001602594414,-0.510147443572195,0.434884584156649,-0.349334028597919,-0.122133276568994
18797680000,0.00518482813552832,0.0993074458552151,0.325018031043583,0.649521579320771,0.361137127816853,0.622013147555882,-0.185817629711277,-0.108783538853925
18884660000,0.191051334762853,-0.275454277582045,0.666799377050249,-0.178749752628742,0.649734869214314,-0.219447076135996,-0.2906740147629,-0.109800442305271
18971640000,-0.109926968523178,-0.0265324038904018,-0.0318759632906584,-0.727717935666184,-0.079488260041793,-0.718807827838146,-0.175984176028036,-0.0347711345305418
19058620000,0.268524471588428,-0.170668068925345,-0.684548546783376,-0.0745290712219458,-0.6831530126764,-0.0288469522475396,-0.246801779873618,-0.162160947222166
19145600000,-0.138701880813454,-0.284341244122948,-0.266142337236865,0.632524653058075,-0.227027247563225,0.64342414759288,-0.296192288047527,0.0381961107193335
19232580000,0.0812600648873255,0.0474788034108473,0.615544167226443,0.382418898147607,0.627530542697303,0.349139610121244,-0.146624586385215,-0.0504709242660075
19319560000,0.0366244738669617,-0.300110331684195,0.483285351862783,-0.500777806723068,0.456519968093578,-0.517053350416202,-0.24997864855251,0.0319067189136124
19406540000,-0.0611306844319951,0.0146028682467049,-0.41257730892632,-0.599327823937423,-0.433285387962484,-0.577442800695737,-0.100408198117015,-0.00692785112716505
19493520000,0.119449367465725,-0.234653781602962,-0.635516142699333,0.293336311714835,-0.617338632393379,0.313255408396582,-0.20845243328346,-0.0452903704289623
19580500000,-0.172311093074827,-0.104956925836726,0.137181421365589,0.694482134984696,0.151549030354375,0.684687388427634,-0.153079109273483,0.0584941992813387
19667480000,0.134439905177672,-0.0328082885765644,0.712513825504328,-0.0293280216868285,0.70617604093514,-0.0277645164766037,-0.130112428745507,-0.0350655201525618
19754460000,-0.0821090133489046,-0.238124623525886,0.119165192556459,-0.685849764707557,0.137205019914809,-0.676661006985884,-0.157457600134125,0.0814422189983877
19841440000,0.0316868468601485,0.0420986555282082,-0.671451163310523,-0.237883265484582,-0.652424446918498,-0.273858575724956,-0.0843458989705085,-0.0447013607792905
19928420000,0.0206820673494623,-0.274050669352938,-0.343031062767969,0.588005603610476,-0.385615224412146,0.553681292058166,-0.187006195226739,0.0536925706831822
20015400000,-0.133480623622718,0.0163509372097099,0.481652334661298,0.499187100824926,0.490165789400327,0.482916582423832,-0.0909108208617542,0.0263979961787774
20102380000,0.138811934573559,-0.138917759179599,0.565814919090488,-0.379754935891988,0.54905588033545,-0.396330383389662,-0.147149395054855,0.0337399240291385
20189360000,-0.175204486998548,-0.203164668540876,-0.221659788616546,-0.62821482576548,-0.242982319906899,-0.616419187780894,-0.0852785374538329,0.105298327084613
20276340000,0.0273169170791337,0.0732264317879554,-0.678637308879744,0.0983502581283818,-0.669744484701765,0.127966999793823,-0.0415418750968601,8.93584854241119E-4
20363320000,-0.00134136999254656,-0.267273955605617,-0.0408931733651531,0.660994991363398,-0.00624552232330716,0.656017195292258,-0.0674626996081725,0.0894587705243312
20450300000,-0.124885220813686,0.0190297346072466,0.647763859493692,0.190016385601685,0.649975136354935,0.148310036553937,-0.0138752344473462,-0.0413311829531823
20537280000,0.0386760437837203,-0.190949203067978,0.289898036591506,-0.595994762883534,0.249434713937595,-0.605705742333452,-0.134290115647577,0.0309275932297264
20624260000,-0.250052440174736,-0.0562912772093017,-0.49392056614208,-0.406525413741787,-0.512647345720708,-0.374200047883005,-0.051250693518938,0.048769004757543
20711240000,0.0391838643184276,0.104667611282212,-0.515835084292275,0.402183633014938,-0.485153248545235,0.432372290217259,-0.0351234090355761,-0.0189065686914285
20798220000,-0.0573257850954828,-0.199098171888981,0.284949085785808,0.577782539635229,0.326369926541487,0.550406001934593,-0.0613956808686664,-0.00357564079832589
20885200000,-0.135410687276702,0.0947719861167008,0.630328139417961,-0.151440532650228,0.609760208225906,-0.200456945329416,-0.056188771080058,-0.0780767419399602
20972180000,0.00374759370142228,-0.117845018245116,-0.0357437346258431,-0.649847763070007,-0.0876380490031212,-0.637080447179601,-0.15053713079673,-0.0023337680614413
21059160000,-0.188694020147626,0.0824568063548408,-0.627405040292237,-0.0926528554690077,-0.625195700216479,-0.057782978671888,-0.103043018065986,0.00981698197905173
21146140000,0.0845062414131512,0.0566377135905314,-0.223931162775164,0.598946862336865,-0.193207711592444,0.603488644076275,-0.113303896695072,-0.006181096948987
21233120000,-0.118679195478522,-0.0882988759193369,0.538360561858656,0.332202415601957,0.550571728450363,0.300511007142403,-0.132920020255927,0.01668279738421
21320100000,-0.0812960088063247,0.200014711861594,0.440052307877438,-0.444657394238572,0.409298569489813,-0.465942691252977,-0.108777053570141,-0.0376412382698196
21407080000,0.0519907322048192,0.00712166914943883,-0.355545130758801,-0.528717572687661,-0.381902006891926,-0.500703134163419,-0.235824387856923,0.00907913806611261
21494060000,-0.0233615826059558,0.170752858797736,-0.570664338951481,0.25268952062064,-0.552165401516882,0.276543475106292,-0.168027043849459,0.102447456723207
21581040000,0.19106319197582,-0.0125112521911498,0.121649568741261,0.597575922586959,0.14538333011557,0.586424595643209,-0.129467434281773,0.0651019161099633
21668020000,-0.0391356875319839,-0.0460018833215417,0.61645121272347,0.00750738703037026,0.609260617506463,-0.0260940848627878,-0.214284746645134,0.0799106176306264
21755000000,0.0621502334206661,0.112533314013535,0.130904944352729,-0.594223513715793,0.0807431740310552,-0.594791123756263,-0.164633961270378,0.116364122388408
21841980000,0.0522086714277123,-0.0839329453456942,-0.545021149407672,-0.258545324114487,-0.562253180985959,-0.193066392163863,-0.215075002691774,0.150209586562931
21928960000,-0.0267138915580148,0.169247836680743,-0.349808582920404,0.478386993892486,-0.291794210733276,0.505990883417989,-0.143319123891333,0.16775082059886
22015940000,0.196291652974431,-0.037017854121054,0.382999773609082,0.43132707852517,0.408564084987389,0.399192915357725,-0.181192819174581,0.165114212323672
22102920000,-0.0667985744765067,-0.00228141199675043,0.503852889599782,-0.295194078058302,0.480880672206054,-0.320406434320221,-0.177254305825371,0.227856135620214
22189900000,0.139574041591495,0.0712257595699979,-0.186824554470371,-0.535869692964283,-0.210806937789425,-0.517681789773238,-0.121930691087147,0.244643890087475
22276880000,0.0504717379768139,-0.0902430131859996,-0.564169287180301,0.0621644438400376,-0.550654338547176,0.0926321319761455,-0.147998977063901,0.296614974267021
22363860000,0.0219172472760266,0.0901212925058506,-0.047408018864473,0.559964842465002,-0.00774238833138504,0.552901910578753,-0.0444699996419036,0.327690644708002
22450840000,0.100371437526672,-0.0776982376457111,0.52654626214303,0.162771021163319,0.529241647997286,0.122341930345731,-0.0352203613081571,0.34191564521767
22537820000,-0.0855268998670915,0.112978464486895,0.248016730288023,-0.480580304851193,0.219516893139677,-0.486273979041849,0.0418827755420245,0.337925002918264
22624800000,0.213304075481751,0.0684170964673405,-0.400143285710883,-0.335884456447455,-0.403843981320316,-0.3174842438763,0.0303880881686584,0.344299539187839
22711780000,0.0250981602844181,-0.0257173085115193,-0.415530171168728,0.329730283155717,-0.402936789767181,0.332341686478629,0.108358330015858,0.41028231653703
22798760000,0.167286752367072,0.080237551280635,0.234176655569311,0.452065814813014,0.237449034917484,0.440418629185827,0.197270256584222,0.337636563272615
22885740000,0.104340901311716,-0.117606494113862,0.49021591285651,-0.115092290959648,0.477587023336591,-0.132251726099655,0.196089893297098,0.370565523909503
22972720000,0.0144274210270008,0.0860132738141166,-0.0128539530467257,-0.496377852377283,-0.0430786899387355,-0.487537967154563,0.290368493258199,0.340121450032383
23059700000,0.204863195454603,-0.0018798668449561,-0.473957407974055,-0.0949204564315953,-0.471249907699197,-0.0667689654339153,0.3012316091885,0.341540810051018
23146680000,0.0312731861008379,0.00233546764220959,-0.190475388722866,0.444851433996711,-0.1559368434897,0.450175702069405,0.402715575203379,0.325918307059206
23233660000,0.237949213535136,0.0117357845280936,0.379064715469012,0.264638215570152,0.388763989806758,0.236579886988112,0.424601073392701,0.225762411623898
23320640000,0.0196173097682301,-0.127558301995521,0.342883821019944,-0.307039232424308,0.322987457298919,-0.317704913955394,0.442697947449203,0.24065556568784
23407620000,0.131262934781995,0.13301993911076,-0.231653411646097,-0.381230087606202,-0.241967758732793,-0.367769425195987,0.495049279242463,0.144427036942635
23494600000,0.212900985583878,-0.126360503739615,-0.412797002064923,0.12239939701448,-0.402000135868415,0.133358590407111,0.487942062942065,0.168940050721593
23581580000,-0.00227339043875724,-0.00607550980655591,0.0298550805744521,0.438588427623022,0.0465453147789069,0.430151322179621,0.555773910204246,0.109344969600422
23668560000,0.227579415854424,0.042165975107309,0.416814243145795,0.0648247613686873,0.412815748318787,0.0449853414501106,0.556583333514716,0.0643116827763696
23755540000,0.0951955800108114,-0.0867737939307731,0.164667018699552,-0.393315302663446,0.140327216914569,-0.395540882710398,0.606342250466711,0.0316631603246834
23842520000,0.220029619358412,0.0509409045499249,-0.343947591150772,-0.227897942151212,-0.352132332000608,-0.205886707050442,0.598177041193793,-0.103214050625118
23929500000,0.147052577347813,-0.180770818600774,-0.301389450269966,0.270069637994553,-0.284407096231637,0.278757819537375,0.576822583192235,-0.0861753196886859
24016480000,0.082447846506697,0.0446732123394895,0.208602059522365,0.351083998977695,0.21819926798265,0.337246357514591,0.608138466589361,-0.204450365690057
24103460000,0.21617738687258,-0.090159670229681,0.374671266846305,-0.115810076568174,0.364648321843481,-0.126264660905894,0.571982887582511,-0.216678213833314
24190440000,0.096246101004129,-0.0557670355998463,-0.0302785341587097,-0.39833012159164,-0.0431752380557326,-0.391059243647684,0.598182149491276,-0.293334890049261
24277420000,0.254875921835064,-0.0612281955045351,-0.376776326558815,-0.0514175648251102,-0.373923063857113,-0.0364952185310006,0.533049579079832,-0.375013681903373
24364400000,0.0427201423035205,-0.204733975506742,-0.150570839810529,0.351421568270781,-0.134073914188915,0.353205675222686,0.503584111527636,-0.369724419664787
24451380000,0.175000106765903,0.101483683261313,0.313091612541326,0.210653546989386,0.318141033170313,0.191280104258295,0.468739740235267,-0.477002037787808
24538360000,0.239416197272273,-0.205169520454652,0.275712342305056,-0.232060216486628,0.26135147724429,-0.239396443055992,0.427278125604638,-0.441491166386941
24625340000,0.0810107559801068,-0.0792288599710637,-0.176963414955336,-0.337578200253247,-0.1818730541987,-0.327510737955204,0.422495835527118,-0.549969440693466
24712320000,0.197255856679416,-0.133886714406754,-0.352523898097252,0.100025762489326,-0.345066454389469,0.104367301005792,0.344620566819182,-0.579773811847241
24799300000,0.0408269433665748,-0.121790516644741,0.0163861416614345,0.374647483171822,0.0212991382770502,0.369575990027232,0.304542431473484,-0.605873141742725
24886280000,0.286244663443738,-0.0261550667319518,0.348913440680818,0.0530189722073751,0.344054921100727,0.0437015289328101,0.222392048450835,-0.66917087783176
24973260000,0.125726120553505,-0.340709713613699,0.15900428309229,-0.307701841227303,0.142016933074318,-0.309103671892608,0.163668962939264,-0.603513325668218
25060240000,0.0478599861644614,-0.0353711796558633,-0.285888990163332,-0.233304254008685,-0.288930827897241,-0.218513430009014,0.140912459061644,-0.694480026280118
25147220000,0.167989495716644,-0.227225565583134,-0.280657932503004,0.219693489745773,-0.268884173127945,0.224037328737663,0.0642440206863818,-0.664392308049302
25234200000,0.0436818313065707,-0.148303936110332,0.153895504617271,0.335813406874778,0.157372568933786,0.32687328336653,0.036795655085351,-0.699714486610708
25321180000,0.140905237759236,-0.19312040078361,0.349879698517047,-0.0824701998474986,0.343513738552855,-0.0842385333173675,-0.0555199625653747,-0.724711654827474
25408160000,-0.0549586716365947,-0.237793695737763,0.0129710463919456,-0.364094497372539,0.00905909671271813,-0.356977658344764,-0.136210188324342,-0.664051091643512
25495140000,0.15606969715156,-0.0155012589614163,-0.357778418525177,-0.0822105283573679,-0.352783032246899,-0.076913909025637,-0.177330185453261,-0.711054059518496
25582120000,0.0788088504974462,-0.340484694912086,-0.169118284714129,0.315210462664974,-0.161434547317634,0.310895249517331,-0.251732246775101,-0.617257980303139
25669100000,0.0238287744465731,-0.0551250500346835,0.284697737332153,0.248771089526134,0.283557581261369,0.237594927051966,-0.26466570288372,-0.664051565930991
25756080000,0.123408585815673,-0.292557741402412,0.29299857575694,-0.218389821831432,0.284017639939368,-0.217467690422039,-0.351775983069895,-0.615588650523586
25843060000,-0.0458885022962966,-0.171411969674285,-0.139997286388728,-0.354051271507601,-0.139526864225226,-0.344893135395901,-0.364468975620387,-0.576068688467354
25930040000,0.162880078378197,-0.201565025001957,-0.367282745363398,0.0794907058745864,-0.360729008185134,0.0785196535187871,-0.436643284663909,-0.594437043481216
26017020000,-0.057527887036105,-0.386377424031911,-0.0355338383684038,0.364490703791502,-0.0370546872984382,0.358596308543571,-0.474802568685726,-0.453020946911599
26104000000,-0.00786134589321717,-0.0734569009016026,0.384338863888779,0.122919932679882,0.377431962355534,0.118700415110798,-0.46321502930742,-0.507504357630647
26190980000,0.027702571293499,-0.367201336689374,0.191193392902635,-0.337873075979695,0.18384908936557,-0.333466250830521,-0.550731909324679,-0.387548278428306
26277960000,-0.0973577165488155,-0.139149812197285,-0.292791079938571,-0.290161392657207,-0.292362854964367,-0.276437234569662,-0.509332135288301,-0.38462208198207
26364940000,0.0663235102391957,-0.313752994050209,-0.327154217491299,0.240717961037152,-0.312867643472913,0.246447704815434,-0.608796877740079,-0.338044417207734
26451920000,-0.182262027038016,-0.287436602537716,0.130053551177108,0.381636236468199,0.137733182324022,0.373874588303255,-0.569777827814963,-0.215825231487398
26538900000,-0.0131193601019299,-0.123039808204748,0.433449899032617,-0.0722580364129299,0.425292613473345,-0.0757320822270823,-0.57536898239891,-0.258930777653917
26625880000,-0.0801980576592311,-0.366539076889788,0.0172026376124004,-0.414172635393595,0.0163677055110612,-0.40660048137104,-0.594835553309684,-0.0850085508379846
26712860000,-0.217430187254525,-0.153392429391274,-0.423355997230695,-0.128357238246335,-0.411543903739893,-0.132914500371791,-0.504355736565191,-0.139240809024823
26799840000,-0.167236698028636,-0.162998786764425,-0.205079010473112,0.36401339676302,-0.207117837566852,0.350884319871364,-0.581053155556315,-0.0574748091236813
26886820000,-0.14519104045763,-0.0893645411964283,0.324327224562148,0.322522547751311,0.312083117596598,0.323524264144384,-0.507066744611955,0.0203765185975651
26973800000,-0.00875368695248908,-0.154038809342161,0.391730626608866,-0.277856780019607,0.385159551812555,-0.27195799344842,-0.557043669098467,0.00866627130214503
27060780000,-0.13628971751203,-0.230793483609746,-0.187004078942936,-0.438855704443676,-0.192368012240604,-0.425723586946995,-0.497649401752411,0.131388722003556
27147760000,-0.1666276146895,-0.131384810101625,-0.486183398700928,0.0964664530768893,-0.474803001323415,0.102643637947815,-0.467279479593511,0.0422841381647195
27234740000,-0.145267060491498,-0.126112020287158,0.00529824224690338,0.502850751988684,0.00410479478875843,0.491615068163554,-0.519135536411255,0.172197981181357
27321720000,-0.106113413931737,-0.0827812252610294,0.506533561929071,0.0932129204617114,0.497108954276764,0.0952704859552096,-0.433607582705819,0.180155387750838
27408700000,-0.130483767784469,-0.168666660329908,0.184610222581841,-0.473513940648954,0.18380059947874,-0.465147228828151,-0.49237402408914,0.251040056818917
27495680000,-0.228214900343181,-0.0385209890659351,-0.421912383071002,-0.294356795977063,-0.412852479304435,-0.286562964759598,-0.36110681180118,0.350415342846749
27582660000,-0.108675698123479,-0.0321174201820889,-0.383990883169064,0.365274203156581,-0.372772887974347,0.359391423359131,-0.352569314416422,0.273306429953931
27669640000,-0.17114702407754,-0.0169845369265734,0.280332025695743,0.451165619630545,0.277287716987376,0.440645982562982,-0.335612617349993,0.386069814551985
27756620000,-0.0877534709909877,0.0183520387649071,0.50857486553926,-0.187015992306574,0.497742743540979,-0.185191861419582,-0.258075702209039,0.343603399402148
27843600000,-0.143165473532839,-0.0278986914867866,-0.0891804823331234,-0.533052804186473,-0.0849426648209819,-0.526230045423098,-0.275095713490833,0.39678770259382
27930580000,-0.132752025526079,0.0628113583724805,-0.547298404158267,-0.022183506209914,-0.534213893790174,-0.0354559995423674,-0.1612246050107,0.417867907307922
28017560000,-0.0619318482959938,0.00290177965681781,-0.133260413015689,0.538083191595241,-0.137007229901921,0.523914911743508,-0.164196942126036,0.372212653609085
28104540000,-0.123744246344294,0.0130860563656706,0.502565625809808,0.242913787052306,0.491571685889442,0.238280811828286,-0.0994228281979983,0.4202831635649
28191520000,-0.126580673554962,0.00665293832448117,0.338097957287296,-0.447294806617387,0.330742143604955,-0.438527312391752,-0.108809152025172,0.321080721916607
28278500000,-0.139635725143687,0.100223020170647,-0.37098145257291,-0.420993714402402,-0.367319392009792,-0.411730160391808,-0.102107552929074,0.424843513262921
28365480000,-0.0646912030403731,0.0515898913670311,-0.493152441026362,0.289729794517217,-0.481233892488145,0.285537360906877,-0.00326704282085397,0.359895239016905
28452460000,-0.104119477054274,0.0776577171765672,0.202366814032298,0.529039949774235,0.200708267061987,0.513233373031431,-0.0382053423378076,0.356347181155315
28539440000,-0.127777621400179,-0.0749064753202781,0.472360138996044,-0.0744291925759054,0.461375428977039,-0.0706996675694583,0.0422371015625609,0.418074007037846
28626420000,-0.16705585768702,0.0956099886726244,0.0175885097567294,-0.551482195713136,0.0237858788375322,-0.537190876502015,-0.023665861300556,0.216916808954232
28713400000,-0.0983194480989549,0.18771086747609,-0.449181281125836,-0.157866534861639,-0.437761087970265,-0.159094422509075,-0.0632585503477129,0.486053548266907
28800380000,-0.0818876688507094,0.0106972080028309,-0.328254197026038,0.42987304034282,-0.329304589943861,0.413939943741628,0.0969386805428193,0.310167755664721
28887360000,-0.198570786237264,0.117550801220603,0.382569491141257,0.407543432941326,0.367023129567544,0.401805484998007,0.0798718111034381,0.413077225369974
28974340000,-0.05683845103526,0.0986253143600888,0.491803047973366,-0.306007841402946,0.484433740749967,-0.295885806272602,0.203148728555243,0.319241973588366
29061320000,-0.185453037083992,0.0701662266602725,-0.217457494054376,-0.532950310507668,-0.210418542296562,-0.522632399904418,0.130697122248011,0.32511439330351
29148300000,-0.129092422051735,0.213930378027486,-0.566078682453485,0.0890725578973861,-0.55328949879047,0.0880581061635731,0.304900285701887,0.320217566558401
29235280000,-0.0628186720911991,0.0670208654895368,-0.0193479063248403,0.593062529949994,-0.0194743646052009,0.580539731925264,0.240344873452105,0.187412034386326
29322260000,-0.182886813302028,0.163004907967684,0.568328393707918,0.132010504675059,0.55211761957884,0.13000737836051,0.320687425919306,0.240108524257282
29409240000,-0.0500066287745979,0.169790821784161,0.258375927156532,-0.533902974836999,0.25109262835495,-0.521906730152357,0.327379397625584,0.0455988026176829
29496220000,-0.0623725504280408,0.170236195320279,-0.478853937336652,-0.356600377098488,-0.470751360501078,-0.350090870902011,0.217161189285174,0.0901445538216062
29583200000,-0.0511760616970366,0.142229359310902,-0.4507236836293,0.39930237781746,-0.437382014077697,0.394686260081069,0.323117484431283,0.0265579839454344
29670180000,-0.0656563247775656,0.167219551179273,0.304818250909958,0.517179719583318,0.303361037059909,0.501236553221158,0.17259428566503,-0.014461969372718
29757160000,-0.025094963852113,0.185654101030726,0.569490097380416,-0.187342090380247,0.552904524443836,-0.188211708845086,0.294238407759115,0.0379910448976957
29844140000,-0.022680870433789,0.116623285609349,-0.0804201947791508,-0.603416660315254,-0.0819727591400498,-0.586076520483672,0.199706641687352,-0.0980582803865916
29931120000,-0.00927917030491334,0.23304019687261,-0.592041763868927,-0.0443784469280287,-0.580487468361142,-0.0365401235592297,0.219850729338138,0.0248132790548754
30018100000,0.0930568750099704,0.11529498920926,-0.172591023055018,0.579138427019905,-0.168621304294603,0.569892764064086,0.276233917019568,-0.106658235115184
30105080000,0.0197759122806186,0.172249503346972,0.535275551780844,0.274345820112627,0.524391567792955,0.263856027511465,0.141266582985559,-0.0911338380638704
30192060000,0.154509841293506,0.122401517162233,0.388313203097872,-0.452942234225992,0.372239573365641,-0.447485038403112,0.268037821920325,-0.0427767454328268
30279040000,0.0142610238025382,0.0279245581903119,-0.376062538034793,-0.479338819260537,-0.372978398660194,-0.462712127083643,0.190904895671647,-0.150579468830047
30366020000,0.0322514033491926,0.217937862313546,-0.52976689128643,0.26409682464059,-0.512008676289465,0.269998910227753,0.280540678039104,-0.0873798711865383
30453000000,0.166480094544205,0.0826492237519491,0.139057352172886,0.586150236471055,0.145747838984877,0.57340802474788,0.208410653830519,-0.251953339321618
30539980000,0.0295240871125199,0.159935055208221,0.603565703599951,-0.0350889609756321,0.588014276116671,-0.0440357635497534,0.150921355433819,-0.127613551806078
30626960000,0.21735670229318,0.120228563423402,0.0978418268840674,-0.586327573188467,0.0858593687721559,-0.573607334326243,0.232374500377373,-0.224935706171786
30713940000,0.0648503948723668,0.0696487301015117,-0.57148544783457,-0.219533130830086,-0.560760067820691,-0.205789280150854,0.0754421789289265,-0.227670859942966
30800920000,0.201912620608042,0.188056112223357,-0.314231560337042,0.497467636000433,-0.293689613307453,0.491544445719202,0.229397233884129,-0.184890391672379
30887900000,0.220111705045767,0.0230012296031102,0.413908051530063,0.437116797189926,0.417836946507811,0.417956480506994,0.0583805713073215,-0.33779645150919
30974880000,0.146099693024759,0.130329281906152,0.50395066445339,-0.340308881685675,0.482360979719034,-0.342699320667,0.0885408208274781,-0.150081868732357
31061860000,0.262612985813596,0.0694872142976195,-0.216089492142389,-0.55986702303486,-0.221114641248893,-0.540707112426791,0.0638565314384066,-0.315363267272124
31148840000,0.140485960665181,0.0973677167725059,-0.601947384593641,0.120070584745685,-0.588001708755463,0.12083409340875,-0.0319995640373697,-0.14153089969882
31235820000,0.321021158873068,0.101848731979297,-0.00921423811547289,0.586159035469834,-0.00774218980906516,0.572697082217031,0.121888531939157,-0.238528802883826
31322800000,0.188550727942974,-0.0443373482281439,0.593750199348324,0.147957862324675,0.584078938901518,0.145909941302082,-0.111521596656511,-0.270157725315877
31409780000,0.213750871592781,0.105581970434771,0.236780571978993,-0.562706401050822,0.235430842315414,-0.549952377391462,0.024978775890636,-0.145689603269133
31496760000,0.232626689793886,0.00869830479694868,-0.496895402995179,-0.351676441788706,-0.486362228009593,-0.346815664035438,-0.142460314015069,-0.254393677194437
31583740000,0.202853558145163,0.113029419397112,-0.422896381116265,0.437225315998384,-0.418392363567715,0.427962359433873,-0.0208346005934889,-0.0580500597323881
31670720000,0.34292021549761,0.0411447677676322,0.325687157647979,0.482649932088047,0.317940337768133,0.47620711054683,-0.0907031794714657,-0.266679224882028
31757700000,0.267648125867847,0.0107585931497158,0.533327002154883,-0.25192778446511,0.523730017967874,-0.253731165356599,-0.155079607317982,-0.0147210054439736
31844680000,0.465777426753771,-0.0738171176550474,-0.159953319514009,-0.431168090747788,-0.163656494435697,-0.423519786372781,-0.0678232255093971,-0.246459687346494
31931660000,0.0871079131624596,-0.266467913844465,-0.404087798006941,-0.201593604102224,-0.398847360036738,-0.193105214612375,-0.181738074343665,-0.155997371198993
32018640000,0.0703021249797487,-0.095838836241711,-0.285314773120389,0.522121273179349,-0.275269350057138,0.514441931035987,-0.202059530841155,0.015885943560472
32105620000,0.140911986129626,-0.0908012465588501,0.474858911095413,0.3768157143908,0.471624037031246,0.362282455073459,-0.144026897012708,-0.0856803909249981
32192600000,0.0160631880826446,-0.0819303622093403,0.455135443003198,-0.418258717248719,0.436166374233987,-0.419398293598491,-0.178571062650409,-0.00444394816226539
32279580000,0.100841400954109,0.0836534566066616,-0.300547576935209,-0.529636663073058,-0.305273320983933,-0.510259158456533,-0.232182653747173,-0.0654065277599636
32366560000,0.109735827608749,-0.0771099662925528,-0.592357138306616,0.196615617778361,-0.572131579285001,0.205327911294764,-0.251547336460458,0.0417239460376063
32453540000,0.0560538634404608,0.0270000896156503,0.0908891034312277,0.62243934040781,0.0987114141881681,0.607011001214914,-0.176476643688052,0.0604420094422997
32540520000,0.120023332598218,-0.0613990166695081,0.624047785760329,0.0301942432161952,0.61246100389989,0.0232628941255548,-0.229091985781005,0.0480109081277037
32627500000,0.0146300031659383,-0.0628306231259439,0.15307293864881,-0.611146199756146,0.147826334620999,-0.600872798433961,-0.178143169791271,0.139463294745322
32714480000,0.107913022817446,0.024740740668745,-0.572557962313349,-0.257521271610954,-0.55726338384603,-0.260083128039004,-0.193415437774212,0.0802615006486042
32801460000,0.0163246623092803,-0.105733614678194,-0.36753015784418,0.512185444297385,-0.368185989383038,0.491769487603944,-0.171163225023265,0.157751250258658
32888440000,0.0493727073087581,0.0699626482075899,0.433716584904067,0.45719028753896,0.414235899416064,0.454047216942145,-0.160949483071506,0.124135469373934
32975420000,0.0792025281153583,-0.146801778028406,0.531476148063596,-0.325968236585684,0.522116934544383,-0.316236534855162,-0.183109832662094,0.190107252564384
33062400000,-0.0519113116661618,-0.033835608764789,-0.212711854846868,-0.592748885010081,-0.205012483948984,-0.582166934610774,-0.111338164988092,0.233781871186996
33149380000,0.0310060862992405,-0.043306243742001,-0.624649181038502,0.0937781900580579,-0.60973496820303,0.101135607593244,-0.101619168529471,0.17449776604039
33236360000,-0.0911397735094705,-0.0591304886512339,-0.0354690469668294,0.624185724040352,-0.0200701936328808,0.60887936085257,-0.123557108491188,0.220142302628989
33323340000,0.0240728799511261,0.13825779142153,0.600110150774494,0.160939693270731,0.586891838026456,0.146306169851147,-0.0945772358002845,0.250805511426733
33410320000,0.0501001079586443,-0.0876598246948536,0.283401118587136,-0.558530293002287,0.272456310284497,-0.545701755816592,-0.0188833682063662,0.26683564939261
33497300000,-0.0549534105175387,0.118877286365126,-0.492514234269236,-0.381035916605036,-0.479940714869758,-0.374735378672111,-0.0374304513797828,0.247377062059185
33584280000,0.100700025326661,-0.0217761981088302,-0.473100717479902,0.402810272731736,-0.464139347079205,0.39310477505343,0.0301748242420031,0.273501569342698
33671260000,-0.083144699961513,0.0451730199492005,0.305406367020192,0.538694103393746,0.299022566545575,0.524570160450307,0.00110175044347182,0.258367689889482
33758240000,0.134913603928471,0.115465726400991,0.576334699250841,-0.178403339869446,0.558206776788524,-0.179168077867797,0.0554621645011366,0.322326525776351
33845220000,0.0319530599532414,-0.110215063194652,-0.0553242434308233,-0.609532526905461,-0.0548349784927438,-0.593909033490902,0.125190389592504,0.294350681563673
33932200000,-0.00568219503655425,0.165281425455091,-0.603006619865077,-0.0499665179218355,-0.586719451736542,-0.0572152365062346,0.126897594722475,0.281601436104164
34019180000,0.13888092255289,-0.0503145401777216,-0.180626048148109,0.579231345940729,-0.1794878015231,0.566637840576238,0.212350570957225,0.271351471922391
34106160000,-0.0743635834915587,0.113687044715285,0.53879509753084,0.270687626314906,0.523755842020518,0.273310273209455,0.162584437493607,0.24794902802362
34193140000,0.218384655073504,0.0925975156831407,0.370994837960216,-0.453775731686295,0.371350386755624,-0.434675813614561,0.295158905438749,0.282699147354758
34280120000,-0.0376394715076708,-0.0349118992522854,-0.387143465215964,-0.459760722302964,-0.370939080479286,-0.456928202470575,0.256176305745968,0.193974542613958
34367100000,0.16566211796821,0.252406632600093,-0.492865151883595,0.273025649034826,-0.48311480327943,0.25846068994302,0.356604041853957,0.272949097399365
34454080000,0.170823489803948,-0.0788128397573621,0.151530303640032,0.564081909548365,0.143396909922933,0.550978628011665,0.375539604889678,0.130868744110366
34541060000,0.0620401471717133,0.241997394479068,0.563139438827821,-0.0696925487159858,0.550685352504335,-0.0620411116206657,0.338562208363085,0.210821415477456
34628040000,0.353926516940496,0.0267347757472328,0.0935070863767224,-0.536591952069097,0.0969536070436534,-0.52175763395838,0.492936122340255,0.136472031865718
34715020000,-0.0146029633956447,0.0530365406914161,-0.546507513155109,-0.203224238618443,-0.535190445349551,-0.19597031036736,0.370445896125069,0.076412526709046
34802000000,0.33873131211718,0.250848318624119,-0.285511149445135,0.439120514643555,-0.282490297291339,0.427504726570229,0.544149786768865,0.113020595700086
34888980000,0.188246966733658,-0.0627307820127922,0.388397436533882,0.421151922503648,0.374842480545407,0.415386360166068,0.409519285071161,-0.0762543796459372
34975960000,0.260692730591798,0.292416759637285,0.420615674560204,-0.322025412337528,0.416848480521468,-0.313808859308771,0.488083580509209,0.115354309323634
35062940000,0.383060494197882,-0.0592966347268865,-0.169896095439511,-0.503626178464683,-0.167905986947902,-0.489627157637746,0.506457083215245,-0.107417059194839
35149920000,0.116706949701253,0.211912362058007,-0.539796843569921,0.14069779666542,-0.528657912377891,0.140037850844456,0.413244307661171,0.0266219389022387
35236900000,0.47812638075684,0.0758874976990728,-0.010559624543536,0.49613706780217,-0.0121301238603407,0.487827690436967,0.560323576948976,-0.100252695799223
35323880000,0.116748055291709,0.0554959187197905,0.554071005157998,0.0879722087168042,0.542306154406626,0.0873254199365176,0.37133514728132,-0.100433810125733
35410860000,0.510122540068503,0.206947567145142,0.141131817649608,-0.427522680480112,0.13571895734195,-0.422911926657797,0.611365090642255,-0.0739218464974186
35497840000,0.401110738995434,-0.0234540754382189,-0.390879287336034,-0.213395541662268,-0.383927645836181,-0.208964122323493,0.407547657948377,-0.176751386692849
35584820000,0.278152290562659,0.0622759475332381,-0.396222767355097,0.237420866036769,-0.386529688529288,0.235678291474302,0.48878830718404,-0.138693277847395
35671800000,0.550172980114293,-0.14431827678405,0.125461672071868,0.394330156494845,0.121505858197509,0.389867333620851,0.537656497186733,-0.275775246422676
35758780000,0.162405209153712,-0.09365147044237,0.524891703144388,-0.0344715358359562,0.516054222331815,-0.026127921120992,0.361889178429878,-0.283020742536409
35845760000,0.54181285855949,-0.0120531598120959,-0.0042322047912708,-0.461140058525218,0.00625887640039119,-0.452918312524422,0.547337618028915,-0.243759856111972
35932740000,0.211191372450483,-0.278078544065709,-0.487887942828879,-0.162570253548723,-0.475271532339882,-0.177817352386005,0.387685423971841,-0.410458168548687
36019720000,0.415829059676084,0.133141997813777,-0.146520866170815,0.462576183956696,-0.164801369513957,0.445050057713226,0.50694369867277,-0.249185001310414
36106700000,0.460708246939507,-0.287679684309767,0.333871860733179,0.300591253645386,0.315851419038324,0.309320173137701,0.425641875575093,-0.516192501344845
36193680000,0.180351233149019,0.0478506660072915,0.389069800105491,-0.37550493419737,0.394710335255397,-0.350568562062363,0.36511704307581,-0.286737928213608
36280660000,0.542755545278621,-0.202560068440749,-0.212842721302254,-0.379625080932762,-0.201290932226399,-0.369775197142582,0.44822095187267,-0.49501339428752
36367640000,0.0813507252809434,-0.220178021300331,-0.51682967580072,0.121461777441216,-0.503924027760154,0.119197431901184,0.265141747773579,-0.448477674208822
36454620000,0.526140341598756,-0.0684353785452702,0.0914073538025017,0.438746877805777,0.0899224565910906,0.426974003001353,0.425578652920874,-0.462088423606479
36541600000,0.210509714907469,-0.436213489975367,0.444682730099433,0.105245222058809,0.436879679386858,0.0882081601414715,0.266711617027998,-0.626705551559265
36628580000,0.312522695883875,0.115791117944782,0.115191167321266,-0.472587006679626,0.0871211473930966,-0.469553964142983,0.319289459411807,-0.478945434914812
36715560000,0.500659299232187,-0.362288468197028,-0.322608575356782,-0.240201361698136,-0.329601634354191,-0.206830193334316,0.201215559297735,-0.711192250739027
36802540000,0.0802246953011559,-0.117121512862895,-0.391618154913721,0.34955190243515,-0.344714405152426,0.37492548192311,0.132908307794826,-0.477626614781214
36889520000,0.557399066220412,-0.270629715943547,0.230711472340394,0.327007773894009,0.250902085087729,0.296613001071399,0.217580175760646,-0.671159506836141
36976500000,0.136320155390893,-0.462478366732212,0.453890249064672,-0.0637890688386113,0.433280419753199,-0.10369871483302,0.0193507537824229,-0.6537414580936
37063480000,0.404939481770439,-0.102570552500344,-0.0984251102018924,-0.472618974319296,-0.143309539915979,-0.454076169348947,0.155122768643557,-0.543323639084865
37150460000,0.293459588366139,-0.514809478435881,-0.417209966939905,-0.0801339793103402,-0.412906095617795,-0.0449973999485775,-0.00805545600268678,-0.718551884253147
37237440000,0.132494605194639,-0.0811710081608656,-0.134754427982536,0.508919039318749,-0.0919555325028261,0.502514976118139,0.0306163177187044,-0.470926074979623
37324420000,0.449785699232041,-0.480004478049352,0.347685064847472,0.183396696860259,0.346457814324006,0.163213230594669,-0.00371709027159707,-0.748450329202326
37411400000,-0.0568892430427701,-0.342938409670037,0.370334847121496,-0.323702417145837,0.348641378528813,-0.322663174540858,-0.118879506104776,-0.559224675725439
37498380000,0.484671608954757,-0.322286198305886,-0.283571037820127,-0.30889684206339,-0.293416932950376,-0.292222181962562,0.00144600756140558,-0.682149525874876
37585360000,0.0843942703201418,-0.563757373325057,-0.403760220579623,0.103448542609211,-0.391685234638016,0.1196889161544,-0.19356969392081,-0.673428326614167
37672340000,0.271389433598212,-0.153193741200998,0.13226484758293,0.47353104978348,0.159450751266278,0.454556408743779,-0.0702967585474053,-0.532920016710977
37759320000,0.263427415198866,-0.584227776282508,0.378613763689945,0.020765264478806,0.372934477777857,0.00122441068308092,-0.241143531732749,-0.70896821172416
37846300000,-0.0850922330986678,-0.272497150543194,0.161091601793842,-0.477188818779663,0.136707135876046,-0.468805627790463,-0.277310205045098,-0.434916148859214
37933280000,0.352847946494265,-0.509195771382643,-0.373563333875323,-0.135807911549703,-0.370019944442046,-0.111873518200581,-0.233914916670569,-0.688456230674321
38020260000,-0.154502821679841,-0.509834314399774,-0.315227993492253,0.296221792914724,-0.292979787098306,0.308770739385123,-0.407750222976249,-0.514730025725523
38107240000,0.3547281023899,-0.282787385621024,0.328589072436933,0.299534036875246,0.334912649698684,0.272451036491986,-0.280100338163891,-0.59798215736753
38194220000,0.0372037609542717,-0.654333142990821,0.343707983771399,-0.131981625193704,0.325629031283916,-0.152741759903111,-0.480659986013481,-0.564512288295271
38281200000,-0.0681090122515166,-0.197564832532747,-0.0713089070869082,-0.500167369156124,-0.0975597041202659,-0.48395172360864,-0.390320815788558,-0.355464338522802
38368180000,0.170004082221658,-0.588510384664757,-0.40269708283942,0.0226413230407742,-0.38600219533942,0.044475330571469,-0.452070629450613,-0.553899748068239
38455160000,-0.250777410925094,-0.393568555210351,-0.163037467265086,0.437884823441629,-0.13580722192411,0.434064349607539,-0.52679859794775,-0.308920261555771
38542140000,0.22538331616271,-0.444973391231674,0.432807442585627,0.129120991163895,0.418971424160013,0.107915535602068,-0.403882810528194,-0.509117285734335
38629120000,-0.20118569898417,-0.586246472974967,0.275788316653628,-0.297966122418081,0.253131141643968,-0.297803059820178,-0.613473426144754,-0.337628326834358
38716100000,0.0266291951329061,-0.19676087505048,-0.350284820920441,-0.383455028449851,-0.347407693952502,-0.362582333124276,-0.403471930452999,-0.316347386271373
38803080000,-0.0629258278286193,-0.624995028684572,-0.35176876573251,0.202953493675896,-0.331259264848602,0.203487217272085,-0.606625869155484,-0.351862197656755
38890060000,-0.300918048977202,-0.258760013716744,0.0885613769857399,0.492097032988864,0.104491956261437,0.470105096751417,-0.514875678281376,-0.134302266339266
38977040000,-0.0112269610275076,-0.55712654808848,0.431393705734626,-0.0957937838983967,0.412089396341848,-0.100008482512196,-0.520304848406989,-0.36435744906843
39064020000,-0.444257702736147,-0.388004970129779,0.0934871823220953,-0.413227953998465,0.0899541962638491,-0.38964444670103,-0.6769074137121,-0.121176542590547
39151000000,-0.00918916694812366,-0.241829257526033,-0.497713501952734,-0.134259209393221,-0.476202565368009,-0.138342739151073,-0.459083652565843,-0.199356466636963
39237980000,-0.364600692910621,-0.477244244008144,-0.191464714979783,0.363826328568703,-0.201218998150854,0.339310281116332,-0.687631236741817,-0.0747234002918799
39324960000,-0.389232828211676,-0.0907483738617479,0.354615490642036,0.28854739090157,0.323280905380104,0.295182448786427,-0.382788271138382,-0.0318137249039317
39411940000,-0.0187200694537611,-0.147420891818493,0.382746511847247,-0.207658382200325,0.382961034717701,-0.162663624809052,-0.574850847396278,-0.0694650275010507
39498920000,-0.24440364766463,0.0826614492662081,-0.132168791925895,-0.378783115218621,-0.0754760349037123,-0.372292112945876,-0.593086437391348,0.0550558832403816
39585900000,0.238480390947406,-0.208852928048705,-0.493907854383445,0.0610940836743564,-0.470610029148793,-0.0238040113008952,-0.541802733210114,-0.0466646625006278
39672880000,-0.229510823776373,-0.428338986775366,-0.0602701572966486,0.474805221243179,-0.148880331672858,0.427850514619999,-0.606330541208528,0.181406699264688
39759860000,-0.0253534996947044,-0.0475833762464509,0.530138234101365,0.150052402404163,0.457478363183672,0.250450951966829,-0.383197519485279,0.124694230686781
39846840000,-0.089943124326412,-0.447944758375092,0.206196665139406,-0.465007061403775,0.293638083725391,-0.381990049609569,-0.56250983077458,0.206105152012329
39933820000,-0.304395318654138,-0.0809994703218083,-0.425143431022029,-0.357724784356543,-0.29979172633299,-0.424894923275796,-0.370782027258991,0.265287191301921
40020800000,0.0498220331882264,-0.291192619685373,-0.419261941278101,0.334535018490367,-0.409544332678729,0.313891685860847,-0.452226383105434,0.203181048731387
40107780000,-0.337288457956309,-0.19133531700094,0.198302299235311,0.477801594183707,0.18126908667455,0.467506001175953,-0.371417713671832,0.347398175382905
40194760000,0.026566963159386,-0.0627631595518132,0.548816681552532,-0.141024560612679,0.536949145163486,-0.122577738065872,-0.315699465294234,0.249586971386069
40281740000,-0.222100938613354,-0.301472837412692,-0.0257298977579124,-0.526999725236381,-0.0170196398071007,-0.509421242421256,-0.346890333606559,0.382301552617941
40368720000,-0.144473962401443,0.050659873539113,-0.559007567349745,-0.10127517900116,-0.535586631949911,-0.10432017781714,-0.193625472802794,0.330291393749438
40455700000,-0.0685351316220624,-0.287455165856572,-0.168408800773839,0.51750033032052,-0.158941342705706,0.498207174611186,-0.300886329200871,0.392829905798123
40542680000,-0.308891434695888,0.0596715913484575,0.445321886338354,0.295105363498482,0.434617003127512,0.28231915784123,-0.140956189132443,0.457041465548349
40629660000,0.0857158581794991,-0.0658653311382561,0.388420471880733,-0.407314458398756,0.370987109608085,-0.401364202445641,-0.134981236777625,0.417847253380626
40716640000,-0.259587110709256,-0.123963785261322,-0.310888312496402,-0.443789996874487,-0.31110548482341,-0.42396712502034,-0.052206692957778,0.459624644647034
40803620000,-0.00388980340452296,0.126590545811986,-0.51694739173856,0.224510080576357,-0.498141861931012,0.220042838245014,0.0221371240063168,0.428637646598109
40890600000,-0.0940605957872438,-0.192626467869056,0.139289514443308,0.535062756487659,0.124491280778961,0.517951736890842,-0.00614259137273003,0.460355024072726
40977580000,-0.149709397302614,0.211513886270281,0.544296619923739,-0.0201064017794481,0.526880745505733,-0.00632499435839115,0.123954750784982,0.46708600102826
41064560000,0.133892342536086,-0.147505073574021,0.083972146000066,-0.538669555248252,0.0921995104546495,-0.523446137262905,0.122304173583399,0.453476612745905
41151540000,-0.285335078660085,0.0360808139427806,-0.496916139200565,-0.194302819992826,-0.47907601815666,-0.188529042999335,0.266295711368472,0.410419270306757
41238520000,0.133116253348153,0.129105049336571,-0.308562044844826,0.450338608965352,-0.301337864347557,0.43532655727447,0.278800572399058,0.368312829595359
41325500000,-0.116764103476531,-0.116149906107789,0.392910655495955,0.384504838215986,0.379636798889327,0.373422498343443,0.311425714851534,0.306222299259625
41412480000,-0.0405722904122747,0.253635735382305,0.455770118244408,-0.290761522461995,0.438893709892578,-0.283199394116066,0.382168884858396,0.304599070615339
41499460000,0.125335294523241,-0.123496071533151,-0.20181263100224,-0.515489232073607,-0.196546454183858,-0.501506147938985,0.356827413477942,0.202324732955447
41586440000,-0.1458434901111,0.179077858791479,-0.534026105777421,0.10649573601205,-0.516083329057342,0.107707518662148,0.425188350171161,0.223607699767748
41673420000,0.240221485864615,0.0241333095325896,-0.0142313104020482,0.542102755045783,-0.00863973394883563,0.527373870435328,0.409410411019756,0.145356076927265
41760400000,-0.131622524644488,-0.0193649399263637,0.54035335460462,0.108058014587751,0.525897431916208,0.10775988413939,0.435169687591209,0.0921303613877873
41847380000,0.189873133304286,0.189595459022166,0.202018664702644,-0.498094238765347,0.203375465344019,-0.478563152790021,0.463256779544564,0.0762707210802488
41934360000,0.110739170878531,-0.178258696279312,-0.442080875523811,-0.314813321888221,-0.425478719386846,-0.315263192107459,0.437469548291209,-0.0795414874319877
42021340000,0.0549942185226668,0.185133875547094,-0.372328768253915,0.402747809769899,-0.372810323804177,0.373212665730107,0.453908952159789,0.0131225802069353
42108320000,0.280887600499704,-0.168432297660487,0.291265036530341,0.431385092248551,0.260277555678385,0.42486352926901,0.467793818232622,-0.149648415473809
42195300000,-0.040952984154507,0.0350674400022882,0.506298230817344,-0.20953146816615,0.492742052259547,-0.203608508057371,0.418535053462898,-0.095678449904047
42282280000,0.342907663414968,-0.0872254008916201,-0.111103161786394,-0.483707546007672,-0.10929572802147,-0.475295002616504,0.500009548520106,-0.177616279058433
42369260000,0.00315532549720647,-0.260118011600922,-0.512146598438106,-0.0336785939314289,-0.498670666345602,-0.032486018750003,0.408101757819936,-0.301411049829603
42456240000,0.210024879513902,0.0602555107836881,-0.0853550463820598,0.508763246541172,-0.0769488598000906,0.498069048173387,0.43133760234031,-0.233806080900632
42543220000,0.188764569198665,-0.360114938803359,0.432157497810261,0.20637931050892,0.420291427526277,0.191659233967952,0.385752647217844,-0.425846900825345
42630200000,0.0527245389070564,0.0138988697216256,0.287050965956689,-0.433535562676262,0.271325417950758,-0.425026671678226,0.355826492243596,-0.295234172618737
42717180000,0.319061711852729,-0.357364875106182,-0.309543444036409,-0.308232767013383,-0.309418074514113,-0.292355666529519,0.412541915041558,-0.49016022635669
42804160000,-0.0839873315624403,-0.239845987082832,-0.426935057797412,0.219576279789144,-0.416226161825637,0.222010708578428,0.264021250968488,-0.484764048174342
42891140000,0.325871366828263,-0.165739803918028,0.190681175065256,0.411629075774295,0.192593878996607,0.397708770539786,0.326451435743903,-0.516168479316293
42978120000,0.076005306455692,-0.471645988989033,0.42422844971387,-0.0207568674031251,0.414155931545192,-0.0263166154067427,0.167099575391433,-0.644788653222067
43065100000,0.155228366707138,-0.0657620153250992,0.00996408226844321,-0.480231539551281,0.00651770872676142,-0.465367749192832,0.225400883737833,-0.4971804803919
43152080000,0.23924250289443,-0.508444522348386,-0.370824262291959,-0.109025056406231,-0.362942456929146,-0.1020920644956,0.135487700164422,-0.703784011155857
43239060000,-0.0383647369929067,-0.236087400089881,-0.251431938413828,0.399286198199648,-0.242125927046574,0.393545454770574,0.0584093425787598,-0.51767126286095
43326040000,0.238004702324904,-0.457612412661754,0.317293167773315,0.217702826149536,0.312700558874787,0.20709227078055,0.119128167411811,-0.698609288734385
43413020000,-0.0995132844429414,-0.467104152157829,0.344943779024477,-0.196105973611386,0.329254012922276,-0.200398783491231,-0.0567926082773153,-0.683023335946454
43500000000,0.174739179885129,-0.189919882010483,-0.209698319273164,-0.37939944713473,-0.212332702431183,-0.362997521192232,-0.0117774335867393,-0.616629006402814
